file,title_before,title_after,title_changed,desc_before,desc_after,desc_changed
fsbo-selling-without-broker-nyc.html,Selling FSBO in NYC & Queens,Selling FSBO in NYC & Queens,False,"Thinking of selling your home without a broker in Queens or NYC? Here's an honest guide to FSBO in New York — pricing, marketing, disclosures, and the legal.","Thinking of selling your home without a broker in Queens or NYC? Here&#x27;s an honest guide to FSBO in New York — pricing, marketing, disclosures, and the legal.",True
index.html,Queens & Long Island Real Estate | Gadura Real Estate LLC — Homes for Sale,Queens & Long Island Real Estate | Gadura Real Estate LLC — Homes for Sale,False,"Gadura Real Estate — family-owned Queens & Long Island brokerage since 2006. Search every OneKey® MLS listing, get a free home valuation, and work with Nitin Gadura. Call (917) 705-0132.","Gadura Real Estate — family-owned Queens &amp; Long Island brokerage since 2006. Search every OneKey® MLS listing, get a free home valuation, and work with Nitin Gadura. Call (917) 705-0132.",True
punjabi-speaking-real-estate-agent-queens.html,Punjabi-Speaking Real Estate Agent Queens NY | Gadura RE,Punjabi-Speaking Real Estate Agent Queens NY | Gadura RE,False,Queens real estate broker who speaks Punjabi. Serving Sikh and Punjabi families across Queens & Long Island since 2006.,Queens real estate broker who speaks Punjabi. Serving Sikh and Punjabi families across Queens &amp; Long Island since 2006.,True
listing-alerts.html,Free Listing Alerts — Queens & Long Island Homes | Gadura Real Estate,Free Listing Alerts — Queens &amp; Long Island Homes | Gadura RE,True,"Get instant email alerts when new homes hit the market in Queens and Long Island. Free MLS access, saved searches, and price drop notifications. Sign up with Nitin Gadura.","Get instant email alerts when new homes hit the market in Queens and Long Island. Free MLS access, saved searches, and price drop notifications.",True
portal.html,Real Estate Portal — Gadura Real Estate LLC | Gadura RE,Real Estate Portal — Gadura Real Estate LLC | Gadura RE,False,"Browse Gadura Real Estate's full property portal. View our sold track record, current featured listings, and explore the Queens & Long Island market.","Browse Gadura Real Estate&#x27;s full property portal. View our sold track record, current featured listings, and explore the Queens &amp; Long Island market.",True
agency-disclosure.html,New York Agency Disclosure (RPL §443) | Gadura RE,New York Agency Disclosure (RPL §443) | Gadura RE,False,"Gadura Real Estate, LLC agency disclosure under NY Real Property Law §443 — explains seller's agent, buyer's agent, broker's agent, dual agent, and.","Gadura Real Estate, LLC agency disclosure under NY Real Property Law §443 — explains seller&#x27;s agent, buyer&#x27;s agent, broker&#x27;s agent, dual agent, and.",True
home-valuation.html,What's My Home Worth? Free Home Valuation — Queens & Long Island | Gadura Real Estate,What's My Home Worth? Free Home Valuation — Queens & Long Island | Gadura Real Estate,False,"Get your home's value instantly. Pull independent estimates from Zillow & Redfin, then get a free expert valuation (CMA) from Gadura Real Estate — we price to help you pursue the strongest supportable price across Queens & Long Island. Call (718) 850-0010.","Get your home&#x27;s value instantly. Pull independent estimates from Zillow &amp; Redfin, then get a free expert valuation (CMA) from Gadura Real Estate — we price to help you pursue the strongest supportable price across Queens &amp; Long Island. Call (718) 850-0010.",True
fair-housing.html,Fair Housing Statement | Gadura RE,Fair Housing Statement | Gadura RE,False,"Gadura Real Estate LLC's full Fair Housing Statement. We comply with the Federal Fair Housing Act, NY State Human Rights Law, and NYC Human Rights Law.","Gadura Real Estate LLC&#x27;s full Fair Housing Statement. We comply with the Federal Fair Housing Act, NY State Human Rights Law, and NYC Human Rights Law.",True
reviews.html,Client Reviews | Five-Star Queens Real Estate Agency,Client Reviews | Five-Star Queens Real Estate Agency,False,"Read verified five-star reviews from Queens & Long Island families on Google, Zillow and Realtor.com. See why clients trust Gadura Real Estate LLC.","Read verified five-star reviews from Queens &amp; Long Island families on Google, Zillow and Realtor.com. See why clients trust Gadura Real Estate LLC.",True
fair-housing-equal-opportunity.html,Equal Housing Opportunity | Fair Housing Commitment,Equal Housing Opportunity | Fair Housing Commitment,False,"Gadura Real Estate's complete Fair Housing commitment: federal law, NY Human Rights Law, NYC Admin Code §8-107 source of income protections, and our.","Gadura Real Estate&#x27;s complete Fair Housing commitment: federal law, NY Human Rights Law, NYC Admin Code §8-107 source of income protections, and our.",True
sell-home-richmond-hill.html,Sell Your Home in Richmond Hill NY | Richmond Hill Listing Agent 11418 | Nitin Gadura,Sell Your Home in Richmond Hill NY | Richmond Hill Listing Agent 11418 | Nitin Gadura,False,Selling in Richmond Hill? Nitin Gadura is the local expert for 11418. Indo-Caribbean & South Asian buyer network. Free CMA. (917) 705-0132.,Selling in Richmond Hill? Nitin Gadura is the local expert for 11418. Indo-Caribbean &amp; South Asian buyer network. Free CMA. (917) 705-0132.,True
best-listing-agent-queens.html,"How to Choose a Listing Agent in Queens NY | Nitin Gadura, Gadura Real Estate","How to Choose a Listing Agent in Queens NY | Nitin Gadura, Gadura Real Estate",False,"Choosing a listing agent in Queens? Nitin Gadura at Gadura Real Estate sells homes across Ozone Park, Richmond Hill & more. Call (917) 705-0132.","Choosing a listing agent in Queens? Nitin Gadura at Gadura Real Estate sells homes across Ozone Park, Richmond Hill &amp; more. Call (917) 705-0132.",True
sell/index.html,Sell Your Home in Queens NY | Gadura RE,Sell Your Home in Queens NY | Gadura RE,False,"Ready to sell your Queens home? Get a free home valuation from Nitin Gadura, Queens' trusted listing agent.","Ready to sell your Queens home? Get a free home valuation from Nitin Gadura, Queens&#x27; trusted listing agent.",True
about-us/index.html,About Gadura Real Estate | Queens NY Brokerage Since 2006,About Gadura Real Estate | Queens NY Brokerage Since 2006,False,"Gadura Real Estate LLC was founded in 2006 by Broker/Owner Vinod Gadura. Serving Queens, Nassau, Suffolk & Brooklyn with expertise as a family firm since 2006.","Gadura Real Estate LLC was founded in 2006 by Broker/Owner Vinod Gadura. Serving Queens, Nassau, Suffolk &amp; Brooklyn with expertise as a family firm since 2006.",True
neighborhoods/manhattan.html,Manhattan Real Estate Agent | Nitin Gadura | All Neighborhoods,Manhattan Real Estate Agent | Nitin Gadura | All Neighborhoods,False,"Real estate agent serving every Manhattan neighborhood. Nitin Gadura at Gadura Real Estate LLC, NYS-licensed, multilingual, five-star reviewed. (917) 705-0132.","Real estate agent serving every Manhattan neighborhood. Nitin Gadura at Gadura Real Estate LLC, NYS-licensed, multilingual, five-star reviewed.",True
neighborhoods/woodhaven.html,Woodhaven Real Estate | Gadura Real Estate,Woodhaven Real Estate | Gadura Real Estate,False,"Tree-lined blocks, J/Z subway access, and one of Queens' best-preserved 19th-century housing stocks.","Tree-lined blocks, J/Z subway access, and one of Queens&#x27; best-preserved 19th-century housing stocks.",True
neighborhoods/bronx.html,The Bronx Real Estate Agent | Nitin Gadura | All Neighborhoods,The Bronx Real Estate Agent | Nitin Gadura | All Neighborhoods,False,"Real estate agent serving every The Bronx neighborhood. Nitin Gadura at Gadura Real Estate LLC, NYS-licensed, multilingual, five-star reviewed. (917) 705-0132.","Real estate agent serving every The Bronx neighborhood. Nitin Gadura at Gadura Real Estate LLC, NYS-licensed, multilingual, five-star reviewed.",True
neighborhoods/staten-island.html,Staten Island Real Estate Agent | Nitin Gadura,Staten Island Real Estate Agent | Nitin Gadura,False,"Real estate agent serving every Staten Island neighborhood. Nitin Gadura at Gadura Real Estate LLC, NYS-licensed, multilingual, five-star reviewed. (917) 705-0132.","Real estate agent serving every Staten Island neighborhood. Nitin Gadura at Gadura Real Estate LLC, NYS-licensed, multilingual, five-star reviewed.",True
1031-exchange/index.html,1031 Exchange Queens NY,1031 Exchange Queens NY,False,"Complete 1031 like-kind exchange guide for Queens & NYC investors: 45/180-day timelines, qualified intermediary, replacement property strategy.","Complete 1031 like-kind exchange guide for Queens &amp; NYC investors: 45/180-day timelines, qualified intermediary, replacement property strategy.",True
listings/index.html,"Queens, Brooklyn & Long Island NY Home Search","Queens, Brooklyn & Long Island NY Home Search",False,"Search every active home, condo, co-op, 1-family, 2-family, 3-family, and commercial property for sale in Queens, Brooklyn, Nassau & Suffolk, New York.","Search every active home, condo, co-op, 1-family, 2-family, 3-family, and commercial property for sale in Queens, Brooklyn, Nassau &amp; Suffolk, New York.",True
resources/neighborhood-comparison-tool.html,"Compare Neighborhoods in Queens, Brooklyn & Long Island","Compare Neighborhoods in Queens, Brooklyn & Long Island",False,"Compare 24 neighborhoods in Queens, Brooklyn & Long Island by home price, transit access, school ratings, walkability & more.","Compare 24 neighborhoods in Queens, Brooklyn &amp; Long Island by home price, transit access, school ratings, walkability &amp; more.",True
resources/moving-to-nyc-guide.html,Moving to NYC? Complete Relocation Guide | Nitin Gadura,Moving to NYC? Complete Relocation Guide | Nitin Gadura,False,"Moving to New York City? Complete relocation guide for Queens, Brooklyn & Long Island. Neighborhoods, cost of living, transit, schools","Moving to New York City? Complete relocation guide for Queens, Brooklyn &amp; Long Island. Neighborhoods, cost of living, transit, schools",True
vinod-gadura/index.html,Vinod Gadura | Gadura RE,Vinod Gadura | Gadura RE,False,"Vinod Gadura — Licensed Broker & Owner of Gadura Real Estate LLC, established 2006. 28 years experience, 285+ closed team sales","Vinod Gadura — Licensed Broker &amp; Owner of Gadura Real Estate LLC, established 2006. 28 years experience, 285+ closed team sales",True
jeevanpreet-singh/index.html,Jeevanpreet Singh | Gadura RE,Jeevanpreet Singh | Gadura RE,False,"Jeevanpreet Singh — next-gen Queens NY real estate agent. Drone photography, social media marketing, Instagram & TikTok listing campaigns.","Jeevanpreet Singh — next-gen Queens NY real estate agent. Drone photography, social media marketing, Instagram &amp; TikTok listing campaigns.",True
home-value/jamaica-estates-home-value.html,Jamaica Estates Home Values 2026 | Gadura RE,Jamaica Estates Home Values 2026 | Gadura RE,False,Jamaica Estates is Queens' most prestigious neighborhood. Get your free home valuation from Nitin Gadura — expert in Jamaica Estates luxury real estate.,Jamaica Estates is Queens&#x27; most prestigious neighborhood. Get your free home valuation from Nitin Gadura — expert in Jamaica Estates luxury real estate.,True
home-value/holliswood-home-value.html,Holliswood Queens Home Values 2026 | Gadura RE,Holliswood Queens Home Values 2026 | Gadura RE,False,Holliswood home values are among the highest in Queens. Get your free luxury home valuation from Nitin Gadura — Holliswood's trusted real estate expert.,Holliswood home values are among the highest in Queens. Get your free luxury home valuation from Nitin Gadura — Holliswood&#x27;s trusted real estate expert.,True
home-value/sell-or-rent-calculator.html,Sell or Rent Calculator — Queens & Long Island | Gadura Real Estate,Sell or Rent Calculator — Queens &amp; Long Island | Gadura RE,True,Should you sell or rent your Queens or Long Island home? Use our free calculator to compare options and maximize your return. Call (718) 850-0010.,Should you sell or rent your Queens or Long Island home? Use our free calculator to compare options and maximize your return. Call (718) 850-0010.,False
home-value/home-equity-calculator.html,Home Equity Calculator — Queens & Long Island | Gadura Real Estate,Home Equity Calculator — Queens &amp; Long Island | Gadura RE,True,Calculate your home equity in Queens or Long Island. See how much wealth you have built in your property. Call (718) 850-0010 for expert advice.,Calculate your home equity in Queens or Long Island. See how much wealth you have built in your property. Call (718) 850-0010 for expert advice.,False
sell-my-house/ozone-park.html,Sell My House in Ozone Park | Free CMA | Gadura RE,Sell My House in Ozone Park | Free CMA | Gadura RE,False,"Sell your house in Ozone Park for the strongest supportable price. Free CMA, expert pricing, and full-service marketing from Nitin Gadura. Median sale price $680K in 2026.","Sell your house in Ozone Park for the strongest supportable price. Free CMA, expert pricing, and full-service marketing from Nitin Gadura.",True
sell-my-house/richmond-hill.html,Sell My House in Richmond Hill | Free CMA | Gadura RE,Sell My House in Richmond Hill | Free CMA | Gadura RE,False,"Sell your house in Richmond Hill for the strongest supportable price. Free CMA, expert pricing, and full-service marketing from Nitin Gadura. Median sale price $720K in 2026.","Sell your house in Richmond Hill for the strongest supportable price. Free CMA, expert pricing, and full-service marketing from Nitin Gadura.",True
sell-my-house/flushing.html,Sell My House in Flushing | Free CMA | Gadura RE,Sell My House in Flushing | Free CMA | Gadura RE,False,"Sell your house in Flushing for the strongest supportable price. Free CMA, expert pricing, and full-service marketing from Nitin Gadura. Median sale price $825K in 2026.","Sell your house in Flushing for the strongest supportable price. Free CMA, expert pricing, and full-service marketing from Nitin Gadura.",True
sell-my-house/woodhaven.html,Sell My House in Woodhaven | Free CMA | Gadura RE,Sell My House in Woodhaven | Free CMA | Gadura RE,False,"Sell your house in Woodhaven for the strongest supportable price. Free CMA, expert pricing, and full-service marketing from Nitin Gadura. Median sale price $710K in 2026.","Sell your house in Woodhaven for the strongest supportable price. Free CMA, expert pricing, and full-service marketing from Nitin Gadura.",True
sell-my-house/jackson-heights.html,Sell My House in Jackson Heights | Free CMA | Gadura RE,Sell My House in Jackson Heights | Free CMA | Gadura RE,False,"Sell your house in Jackson Heights for the strongest supportable price. Free CMA, expert pricing, and full-service marketing from Nitin Gadura. Median sale price $615K in 2026.","Sell your house in Jackson Heights for the strongest supportable price. Free CMA, expert pricing, and full-service marketing from Nitin Gadura.",True
sell-my-house/howard-beach.html,Sell My House in Howard Beach | Free CMA | Gadura RE,Sell My House in Howard Beach | Free CMA | Gadura RE,False,"Sell your house in Howard Beach for the strongest supportable price. Free CMA, expert pricing, and full-service marketing from Nitin Gadura. Median sale price $785K in 2026.","Sell your house in Howard Beach for the strongest supportable price. Free CMA, expert pricing, and full-service marketing from Nitin Gadura.",True
sell-my-house/jamaica.html,Sell My House in Jamaica Queens | Free CMA | Gadura RE,Sell My House in Jamaica Queens | Free CMA | Gadura RE,False,"Sell your house in Jamaica, Queens for the strongest supportable price. Free CMA, expert pricing, and full-service marketing from Nitin Gadura. Median sale price $590K in 2026.","Sell your house in Jamaica, Queens for the strongest supportable price. Free CMA, expert pricing, and full-service marketing from Nitin Gadura.",True
compliance/fair-housing-policy.html,"Fair Housing Policy | Gadura Real Estate, LLC | Nitin Gadura","Fair Housing Policy | Gadura Real Estate, LLC | Nitin Gadura",False,Gadura Real Estate LLC's comprehensive Fair Housing Policy. Nitin Gadura is committed to equal professional service for all persons.,Gadura Real Estate LLC&#x27;s comprehensive Fair Housing Policy. Nitin Gadura is committed to equal professional service for all persons.,True
blog/best-neighborhoods-queens-renters.html,Best Neighborhoods in Queens for Renters in 2026 | Gadura Real Estate,Best Neighborhoods in Queens for Renters in 2026 | Gadura RE,True,"Top 10 Queens neighborhoods for renters in 2026 ranked by rent prices, transit access, and lifestyle. Astoria, LIC, Jackson Heights, Sunnyside, and more.","Top 10 Queens neighborhoods for renters in 2026 ranked by rent prices, transit access, and lifestyle. Astoria, LIC, Jackson Heights, Sunnyside, and more.",False
blog/sell-house-probate-queens-ny.html,Sell a House in Probate in Queens NY | Step-by-Step Guide 2026,Sell a House in Probate in Queens NY | Step-by-Step Guide,True,"Complete probate real estate guide for Queens executors. Surrogate's court timeline, 1-10A form, costs, and how to sell an estate property for the strongest supportable price.","Complete probate real estate guide for Queens executors. Surrogate&#x27;s court timeline, 1-10A form, costs, and how to sell an estate property for the strongest supportable price.",True
blog/sell-home-fast-queens.html,How to Sell Your Home Fast in Queens & Long Island,How to Sell Your Home Fast in Queens & Long Island,False,"Sell your Queens or Long Island home fast and for the strongest supportable price. Nitin Gadura shares proven strategies for staging, pricing, and marketing your home.",Sell your Queens or Long Island home fast and for the strongest supportable price.,True
blog/brooklyn-vs-queens-homebuyers.html,Brooklyn vs. Queens: Which NYC Borough Should You Buy In?,Brooklyn vs. Queens: Which NYC Borough Should You Buy In?,False,"Thinking about buying in NYC? Here's an honest data-driven comparison of Brooklyn vs Queens home prices, commute times, school quality, and lifestyle in 2026.","Thinking about buying in NYC? Here&#x27;s an honest data-driven comparison of Brooklyn vs Queens home prices, commute times, school quality, and lifestyle in 2026.",True
blog/queens-condo-vs-coop-guide.html,Queens Condo vs Co-op Guide [2026] | Which Should You Buy?,Queens Condo vs Co-op Guide [2026] | Which Should You Buy?,False,"Queens condo vs co-op: complete 2026 buyer's guide. Comparison table for financing, subletting, closing costs, board approval, and prices by neighborhood.","Queens condo vs co-op: complete 2026 buyer&#x27;s guide. Comparison table for financing, subletting, closing costs, board approval, and prices by neighborhood.",True
blog/two-family-house-queens-guide.html,Buying a Two-Family House in Queens NY | Complete Guide [2026],Buying a Two-Family House in Queens NY | Complete Guide [2026],False,"How to buy a 2-family in Queens: FHA house hack math, rental income analysis, neighborhood inventory, legal requirements, and financing. Written by a local.","How to buy a 2-family in Queens: FHA house hack math, rental income analysis, neighborhood inventory, legal requirements, and financing.",True
blog/home-staging-tips-queens.html,10 Home Staging Tips That Sell Queens Homes Faster,10 Home Staging Tips That Sell Queens Homes Faster,False,"Practical home staging tips for Queens sellers. Stage your row house, 2-family, or co-op to sell faster and for the strongest supportable price. Free advice from Nitin Gadura.","Practical home staging tips for Queens sellers. Stage your row house, 2-family, or co-op to sell faster and for the strongest supportable price.",True
blog/richmond-hill-real-estate-guide-2026.html,"Richmond Hill Real Estate Guide 2026: Victorian Homes, Two-Fam","Richmond Hill Real Estate Guide 2026: Victorian Homes, Two-Fam",False,"Richmond Hill (ZIP 11418 & 11419) real estate guide 2026: Victorian housing stock, two-family investment pricing, South Asian and Indo-Caribbean community.","Richmond Hill (ZIP 11418 &amp; 11419) real estate guide 2026: Victorian housing stock, two-family investment pricing, South Asian and Indo-Caribbean community.",True
blog/how-to-read-queens-property-listing.html,How to Read a Queens Property Listing 2026 | Nitin Gadura,How to Read a Queens Property Listing 2026 | Nitin Gadura,False,"Every abbreviation, code, and hidden detail on a Queens MLS listing decoded. Learn what 'C of O', 'as-is', 'bring offers', 'DOM 90+' and other listing.","Every abbreviation, code, and hidden detail on a Queens MLS listing decoded. Learn what &#x27;C of O&#x27;, &#x27;as-is&#x27;, &#x27;bring offers&#x27;, &#x27;DOM 90+&#x27; and other listing.",True
blog/section-8-cityfheps-landlord-guide-queens.html,Section 8 and CityFHEPS Landlord Guide: Should You Accept Vouchers in Queens? | Gadura Real Estate,Section 8 and CityFHEPS Landlord Guide: Should You Accept Vouchers in Queens? | Gadura Real Estate,False,"Complete guide for Queens landlords considering Section 8 and CityFHEPS voucher tenants. Legal requirements, guaranteed rent, inspections, and pros vs cons.",Complete guide for Queens landlords considering Section 8 and CityFHEPS voucher tenants.,True
blog/queens-real-estate-market-2026.html,Queens Real Estate Market Report 2026: Home Prices,Queens Real Estate Market Report 2026: Home Prices,False,"Queens NY home prices, inventory, and market trends in 2026. What buyers, sellers, and investors need to know before making a move in today's market.","Queens NY home prices, inventory, and market trends in 2026. What buyers, sellers, and investors need to know before making a move in today&#x27;s market.",True
blog/mortgage-preapproval-queens.html,Mortgage Pre-Approval in Queens 2026 — What You Actually Need,Mortgage Pre-Approval in Queens 2026 — What You Actually Need,False,"Mortgage pre-approval in Queens, Brooklyn & Long Island for 2026: documents required, credit score minimums, pre-qualification vs pre-approval, FHA vs.","Mortgage pre-approval in Queens, Brooklyn &amp; Long Island for 2026: documents required, credit score minimums, pre-qualification vs pre-approval, FHA vs.",True
queens-south/index.html,Queens South Real Estate | Gadura RE,Queens South Real Estate | Gadura RE,False,"Your complete guide to real estate in Queens South — Richmond Hill, Ozone Park, Howard Beach, South Ozone Park, Jamaica, <a href=","Your complete guide to real estate in Queens South — Richmond Hill, Ozone Park, Howard Beach, South Ozone Park, Jamaica, &lt;a href=",True
jagman-dhaliwal/index.html,Jagman Dhaliwal | Gadura RE,Jagman Dhaliwal | Gadura RE,False,"Jagman Dhaliwal — Queens NY listing agent known for fast sales, professional photography, and aggressive marketing. Ozone Park & surrounding areas.","Jagman Dhaliwal — Queens NY listing agent known for fast sales, professional photography, and aggressive marketing. Ozone Park &amp; surrounding areas.",True
zip/10309.html,ZIP 10309 Real Estate Agent | Prince's Bay | Gadura RE,ZIP 10309 Real Estate Agent | Prince's Bay | Gadura RE,False,"Real estate agent serving ZIP 10309 (Prince's Bay, Staten Island, Pleasant Plains, Staten Island, Charleston, Staten Island, Rossville, Staten Island).","Real estate agent serving ZIP 10309 (Prince&#x27;s Bay, Staten Island, Pleasant Plains, Staten Island, Charleston, Staten Island, Rossville, Staten Island).",True
zip/10036.html,ZIP 10036 Real Estate Agent | Midtown West | Gadura RE,ZIP 10036 Real Estate Agent | Midtown West | Gadura RE,False,"Real estate agent serving ZIP 10036 (Midtown West, Manhattan, Hell's Kitchen, Manhattan). Nitin Gadura, Gadura Real Estate LLC. Median $1.20M.","Real estate agent serving ZIP 10036 (Midtown West, Manhattan, Hell&#x27;s Kitchen, Manhattan). Nitin Gadura, Gadura Real Estate LLC. Median $1.20M.",True
zip/10019.html,ZIP 10019 Real Estate Agent | Midtown West | Gadura RE,ZIP 10019 Real Estate Agent | Midtown West | Gadura RE,False,"Real estate agent serving ZIP 10019 (Midtown West, Manhattan, Hell's Kitchen, Manhattan). Nitin Gadura, Gadura Real Estate LLC. Median $1.20M.","Real estate agent serving ZIP 10019 (Midtown West, Manhattan, Hell&#x27;s Kitchen, Manhattan). Nitin Gadura, Gadura Real Estate LLC. Median $1.20M.",True
nitin-gadura/index.html,Nitin Gadura | Gadura RE,Nitin Gadura | Gadura RE,False,"Nitin Gadura — Licensed NYS Real Estate Salesperson at Gadura Real Estate LLC, Ozone Park Queens. Expert in Queens & Long Island. Call (718) 850-0010.","Nitin Gadura — Licensed NYS Real Estate Salesperson at Gadura Real Estate LLC, Ozone Park Queens. Expert in Queens &amp; Long Island. Call (718) 850-0010.",True
moving-to/international-to-queens.html,Moving to Queens from India — South Asian Family's 2026 Guide,Moving to Queens from India — South Asian Family's 2026 Guide,False,Moving to Queens from India — South Asian Family's 2026 Guide for Indian / South Asian families relocating to NY metro.,Moving to Queens from India — South Asian Family&#x27;s 2026 Guide for Indian / South Asian families relocating to NY metro.,True
moving-to/manhattan-to-queens.html,Moving to Queens from Manhattan — 2026 Buyer's Guide,Moving to Queens from Manhattan — 2026 Buyer's Guide,False,Moving to Queens from Manhattan — 2026 Buyer's Guide for Manhattan renters or owners priced out of the market.,Moving to Queens from Manhattan — 2026 Buyer&#x27;s Guide for Manhattan renters or owners priced out of the market.,True
glossary/co-op-board-package.html,Co-op Board Package — Real Estate Glossary | Gadura,Co-op Board Package — Real Estate Glossary | Gadura,False,A co-op board package is the detailed financial and personal application a buyer submits to a cooperative building's board of directors to get approved to purchase.,A co-op board package is the detailed financial and personal application a buyer submits to a cooperative building&#x27;s board of directors to get approved to purchase.,True
long-island/index.html,Long Island Homes for Sale — Nassau &amp; Suffolk County | Gadura Real Estate,Long Island Homes for Sale — Nassau &amp; Suffolk County,True,"Browse homes for sale across 124 Long Island towns. Nassau County &amp; Suffolk County houses, expert local agents, multilingual service. Family-owned since 2006. Call (718) 850-0010.","Browse homes for sale across 124 Long Island towns. Nassau County &amp; Suffolk County houses, expert local agents, multilingual service.",True
community/guyanese-community.html,Guyanese Community Real Estate Agent NYC | Gadura RE,Guyanese Community Real Estate Agent NYC | Gadura RE,False,"Nitin Gadura is the trusted real estate agent for the Guyanese community in Richmond Hill, South Ozone Park & Queens.","Nitin Gadura is the trusted real estate agent for the Guyanese community in Richmond Hill, South Ozone Park &amp; Queens.",True
community/south-asian-community.html,South Asian Community Real Estate Agent NYC | Gadura RE,South Asian Community Real Estate Agent NYC | Gadura RE,False,"Nitin Gadura is the trusted real estate agent for South Asian families in Queens, Brooklyn & Long Island. Serving Indian, Pakistani, Bangladeshi","Nitin Gadura is the trusted real estate agent for South Asian families in Queens, Brooklyn &amp; Long Island. Serving Indian, Pakistani, Bangladeshi",True
community/index.html,Community Real Estate Services NYC | Gadura RE,Community Real Estate Services NYC | Gadura RE,False,"Nitin Gadura serves diverse cultural communities across Queens, Brooklyn & Long Island. Culturally fluent real estate services for Indian, Guyanese","Nitin Gadura serves diverse cultural communities across Queens, Brooklyn &amp; Long Island. Culturally fluent real estate services for Indian, Guyanese",True
community/african-american-community.html,African American Community Real Estate Agent NYC | Gadura RE,African American Community Real Estate Agent NYC | Gadura RE,False,"Nitin Gadura is a dedicated real estate agent serving the African American community in Queens, Brooklyn & Long Island.","Nitin Gadura is a dedicated real estate agent serving the African American community in Queens, Brooklyn &amp; Long Island.",True
community/pakistani-community.html,Pakistani Community Real Estate Agent NYC | Gadura RE,Pakistani Community Real Estate Agent NYC | Gadura RE,False,"Nitin Gadura is the trusted real estate agent for the Pakistani community in Queens, Brooklyn & Long Island. Expert knowledge of Jackson Heights, Midwood","Nitin Gadura is the trusted real estate agent for the Pakistani community in Queens, Brooklyn &amp; Long Island. Expert knowledge of Jackson Heights, Midwood",True
community/bengali-community.html,Bengali Community Real Estate Agent NYC | Gadura RE,Bengali Community Real Estate Agent NYC | Gadura RE,False,"Nitin Gadura is the trusted real estate agent for the Bengali community in Queens & Brooklyn. Expert knowledge of Jamaica, Kensington","Nitin Gadura is the trusted real estate agent for the Bengali community in Queens &amp; Brooklyn. Expert knowledge of Jamaica, Kensington",True
community/trinidadian-community.html,Trinidadian Community Real Estate Agent NYC | Nitin Gadura,Trinidadian Community Real Estate Agent NYC | Nitin Gadura,False,"Nitin Gadura is the trusted real estate agent for the Trinidadian community in Queens & Long Island. Expert knowledge of Richmond Hill, South Ozone Park","Nitin Gadura is the trusted real estate agent for the Trinidadian community in Queens &amp; Long Island. Expert knowledge of Richmond Hill, South Ozone Park",True
community/hispanic-latino-community.html,Hispanic & Latino Community Real Estate Agent NYC,Hispanic & Latino Community Real Estate Agent NYC,False,"Nitin Gadura is a dedicated real estate agent serving the Hispanic & Latino community in Queens, Brooklyn & Long Island.","Nitin Gadura is a dedicated real estate agent serving the Hispanic &amp; Latino community in Queens, Brooklyn &amp; Long Island.",True
community/caribbean-community.html,Caribbean Community Real Estate Agent NYC | Gadura RE,Caribbean Community Real Estate Agent NYC | Gadura RE,False,"Nitin Gadura is the trusted real estate agent for the Caribbean community in Queens, Brooklyn & Long Island. Expert knowledge of Flatbush, Crown Heights","Nitin Gadura is the trusted real estate agent for the Caribbean community in Queens, Brooklyn &amp; Long Island. Expert knowledge of Flatbush, Crown Heights",True
homes-for-sale/jamaica-estates-homes.html,Homes For Sale in Jamaica Estates Queens NY | Gadura RE,Homes For Sale in Jamaica Estates Queens NY | Gadura RE,False,"Jamaica Estates luxury homes for sale — Queens' most prestigious neighborhood. Tudor mansions, private drives, and exclusive listings.","Jamaica Estates luxury homes for sale — Queens&#x27; most prestigious neighborhood. Tudor mansions, private drives, and exclusive listings.",True
homes-for-sale/homes-500k-to-750k-in-long-island.html,"Homes for Sale $500K to $750K in Long Island, NY | Gadura Real Estate","Homes for Sale $500K to $750K in Long Island, NY | Gadura RE",True,"Browse 5 homes for sale $500k to $750k in Long Island, NY with Gadura Real Estate. Prices from $675,000 to $749,999. Call (917) 705-0132.","Browse 5 homes for sale $500k to $750k in Long Island, NY with Gadura Real Estate. Prices from $675,000 to $749,999. Call (917) 705-0132.",False
homes-for-sale/homes-1m-to-1-5m-in-long-island.html,"Homes for Sale $1M to $1.5M in Long Island, NY | Gadura Real Estate","Homes for Sale $1M to $1.5M in Long Island, NY | Gadura RE",True,"Browse 3 homes for sale $1m to $1.5m in Long Island, NY with Gadura Real Estate. Prices from $1,050,000 to $1,199,000. Call (917) 705-0132.","Browse 3 homes for sale $1m to $1.5m in Long Island, NY with Gadura Real Estate. Prices from $1,050,000 to $1,199,000. Call (917) 705-0132.",False
homes-for-sale/homes-1m-to-1-5m-in-richmond-hill.html,"Homes for Sale $1M to $1.5M in Richmond Hill, NY | Gadura Real Estate","Homes for Sale $1M to $1.5M in Richmond Hill, NY | Gadura RE",True,"Browse 3 homes for sale $1m to $1.5m in Richmond Hill, NY with Gadura Real Estate. Prices from $1,180,000 to $1,350,000. Call (917) 705-0132.","Browse 3 homes for sale $1m to $1.5m in Richmond Hill, NY with Gadura Real Estate. Prices from $1,180,000 to $1,350,000. Call (917) 705-0132.",False
homes-for-sale/homes-over-1-5m-in-jamaica-estates.html,"Homes for Sale $1.5M and Up in Jamaica Estates, NY | Gadura Real Estate","Homes for Sale $1.5M and Up in Jamaica Estates, NY",True,"Browse 7 homes for sale $1.5m and up in Jamaica Estates, NY with Gadura Real Estate. Prices from $1,565,000 to $2,499,000. Call (917) 705-0132.","Browse 7 homes for sale $1.5m and up in Jamaica Estates, NY with Gadura Real Estate. Prices from $1,565,000 to $2,499,000. Call (917) 705-0132.",False
homes-for-sale/homes-1m-to-1-5m-in-brooklyn.html,"Homes for Sale $1M to $1.5M in Brooklyn, NY | Gadura Real Estate","Homes for Sale $1M to $1.5M in Brooklyn, NY | Gadura RE",True,"Browse 8 homes for sale $1m to $1.5m in Brooklyn, NY with Gadura Real Estate. Prices from $1,025,000 to $1,350,000. Call (917) 705-0132.","Browse 8 homes for sale $1m to $1.5m in Brooklyn, NY with Gadura Real Estate. Prices from $1,025,000 to $1,350,000. Call (917) 705-0132.",False
homes-for-sale/homes-1m-to-1-5m-in-queens.html,"Homes for Sale $1M to $1.5M in Queens, NY | Gadura Real Estate","Homes for Sale $1M to $1.5M in Queens, NY | Gadura RE",True,"Browse 32 homes for sale $1m to $1.5m in Queens, NY with Gadura Real Estate. Prices from $1,025,000 to $1,499,000. Call (917) 705-0132.","Browse 32 homes for sale $1m to $1.5m in Queens, NY with Gadura Real Estate. Prices from $1,025,000 to $1,499,000. Call (917) 705-0132.",False
homes-for-sale/homes-750k-to-1m-in-nassau-county.html,"Homes for Sale $750K to $1M in Nassau County, NY | Gadura Real Estate","Homes for Sale $750K to $1M in Nassau County, NY | Gadura RE",True,"Browse 9 homes for sale $750k to $1m in Nassau County, NY with Gadura Real Estate. Prices from $780,000 to $980,000. Call (917) 705-0132.","Browse 9 homes for sale $750k to $1m in Nassau County, NY with Gadura Real Estate. Prices from $780,000 to $980,000. Call (917) 705-0132.",False
homes-for-sale/holliswood-homes.html,Homes For Sale in Holliswood Queens NY | Gadura Real Estate,Homes For Sale in Holliswood Queens NY | Gadura Real Estate,False,"Holliswood homes for sale — Queens' most exclusive residential enclave. Large lots, private streets, and luxury homes.","Holliswood homes for sale — Queens&#x27; most exclusive residential enclave. Large lots, private streets, and luxury homes.",True
homes-for-sale/homes-750k-to-1m-in-jamaica.html,"Homes for Sale $750K to $1M in Jamaica, NY | Gadura Real Estate","Homes for Sale $750K to $1M in Jamaica, NY | Gadura RE",True,"Browse 2 homes for sale $750k to $1m in Jamaica, NY with Gadura Real Estate. Prices from $875,000 to $998,000. Call (917) 705-0132.","Browse 2 homes for sale $750k to $1m in Jamaica, NY with Gadura Real Estate. Prices from $875,000 to $998,000. Call (917) 705-0132.",False
homes-for-sale/homes-500k-to-750k-in-elmont.html,"Homes for Sale $500K to $750K in Elmont, NY | Gadura Real Estate","Homes for Sale $500K to $750K in Elmont, NY | Gadura RE",True,"Browse 2 homes for sale $500k to $750k in Elmont, NY with Gadura Real Estate. Prices from $718,000 to $749,999. Call (917) 705-0132.","Browse 2 homes for sale $500k to $750k in Elmont, NY with Gadura Real Estate. Prices from $718,000 to $749,999. Call (917) 705-0132.",False
homes-for-sale/homes-500k-to-750k-in-queens.html,"Homes for Sale $500K to $750K in Queens, NY | Gadura Real Estate","Homes for Sale $500K to $750K in Queens, NY | Gadura RE",True,"Browse 4 homes for sale $500k to $750k in Queens, NY with Gadura Real Estate. Prices from $690,000 to $749,999. Call (917) 705-0132.","Browse 4 homes for sale $500k to $750k in Queens, NY with Gadura Real Estate. Prices from $690,000 to $749,999. Call (917) 705-0132.",False
homes-for-sale/homes-750k-to-1m-in-brooklyn.html,"Homes for Sale $750K to $1M in Brooklyn, NY | Gadura Real Estate","Homes for Sale $750K to $1M in Brooklyn, NY | Gadura RE",True,"Browse 2 homes for sale $750k to $1m in Brooklyn, NY with Gadura Real Estate. Prices from $950,000 to $985,000. Call (917) 705-0132.","Browse 2 homes for sale $750k to $1m in Brooklyn, NY with Gadura Real Estate. Prices from $950,000 to $985,000. Call (917) 705-0132.",False
homes-for-sale/homes-1m-to-1-5m-in-jamaica-estates.html,"Homes for Sale $1M to $1.5M in Jamaica Estates, NY | Gadura Real Estate","Homes for Sale $1M to $1.5M in Jamaica Estates, NY",True,"Browse 4 homes for sale $1m to $1.5m in Jamaica Estates, NY with Gadura Real Estate. Prices from $1,348,888 to $1,399,000. Call (917) 705-0132.","Browse 4 homes for sale $1m to $1.5m in Jamaica Estates, NY with Gadura Real Estate. Prices from $1,348,888 to $1,399,000. Call (917) 705-0132.",False
homes-for-sale/homes-500k-to-750k-in-queens-long-island.html,"Homes for Sale $500K to $750K in Queens &amp; Long Island, NY | Gadura Real Estate","Homes for Sale $500K to $750K in Queens &amp; Long Island, NY",True,"Browse 9 homes for sale $500k to $750k in Queens &amp; Long Island, NY with Gadura Real Estate. Prices from $675,000 to $749,999. Call (917) 705-0132.","Browse 9 homes for sale $500k to $750k in Queens &amp; Long Island, NY with Gadura Real Estate. Prices from $675,000 to $749,999. Call (917) 705-0132.",False
homes-for-sale/homes-over-1-5m-in-queens-long-island.html,"Homes for Sale $1.5M and Up in Queens &amp; Long Island, NY | Gadura Real Estate","Homes for Sale $1.5M and Up in Queens &amp; Long Island, NY",True,"Browse 11 homes for sale $1.5m and up in Queens &amp; Long Island, NY with Gadura Real Estate. Prices from $1,500,000 to $2,499,000. Call (917) 705-0132.","Browse 11 homes for sale $1.5m and up in Queens &amp; Long Island, NY with Gadura Real Estate. Prices from $1,500,000 to $2,499,000. Call (917) 705-0132.",False
homes-for-sale/homes-over-1-5m-in-jamaica.html,"Homes for Sale $1.5M and Up in Jamaica, NY | Gadura Real Estate","Homes for Sale $1.5M and Up in Jamaica, NY | Gadura RE",True,"Browse 2 homes for sale $1.5m and up in Jamaica, NY with Gadura Real Estate. Prices from $1,500,000 to $1,999,999. Call (917) 705-0132.","Browse 2 homes for sale $1.5m and up in Jamaica, NY with Gadura Real Estate. Prices from $1,500,000 to $1,999,999. Call (917) 705-0132.",False
homes-for-sale/all-listings.html,"All Homes for Sale — Queens, Brooklyn & Long Island | Gadura Real Estate","All Homes for Sale — Queens, Brooklyn &amp; Long Island",True,"Browse all 92 homes for sale across Queens, Brooklyn & Long Island with Gadura Real Estate. Single-family, multi-family, condos & co-ops. Call (917) 705-0132.","Browse all 92 homes for sale across Queens, Brooklyn &amp; Long Island with Gadura Real Estate. Single-family, multi-family, condos &amp; co-ops.",True
homes-for-sale/homes-500k-to-750k-in-nassau-county.html,"Homes for Sale $500K to $750K in Nassau County, NY | Gadura Real Estate","Homes for Sale $500K to $750K in Nassau County, NY",True,"Browse 4 homes for sale $500k to $750k in Nassau County, NY with Gadura Real Estate. Prices from $675,000 to $749,999. Call (917) 705-0132.","Browse 4 homes for sale $500k to $750k in Nassau County, NY with Gadura Real Estate. Prices from $675,000 to $749,999. Call (917) 705-0132.",False
homes-for-sale/homes-750k-to-1m-in-ozone-park.html,"Homes for Sale $750K to $1M in Ozone Park, NY | Gadura Real Estate","Homes for Sale $750K to $1M in Ozone Park, NY | Gadura RE",True,"Browse 6 homes for sale $750k to $1m in Ozone Park, NY with Gadura Real Estate. Prices from $785,000 to $959,000. Call (917) 705-0132.","Browse 6 homes for sale $750k to $1m in Ozone Park, NY with Gadura Real Estate. Prices from $785,000 to $959,000. Call (917) 705-0132.",False
homes-for-sale/homes-1m-to-1-5m-in-ozone-park.html,"Homes for Sale $1M to $1.5M in Ozone Park, NY | Gadura Real Estate","Homes for Sale $1M to $1.5M in Ozone Park, NY | Gadura RE",True,"Browse 7 homes for sale $1m to $1.5m in Ozone Park, NY with Gadura Real Estate. Prices from $1,065,000 to $1,389,000. Call (917) 705-0132.","Browse 7 homes for sale $1m to $1.5m in Ozone Park, NY with Gadura Real Estate. Prices from $1,065,000 to $1,389,000. Call (917) 705-0132.",False
homes-for-sale/homes-750k-to-1m-in-queens-long-island.html,"Homes for Sale $750K to $1M in Queens &amp; Long Island, NY | Gadura Real Estate","Homes for Sale $750K to $1M in Queens &amp; Long Island, NY",True,"Browse 25 homes for sale $750k to $1m in Queens &amp; Long Island, NY with Gadura Real Estate. Prices from $780,000 to $999,999. Call (917) 705-0132.","Browse 25 homes for sale $750k to $1m in Queens &amp; Long Island, NY with Gadura Real Estate. Prices from $780,000 to $999,999. Call (917) 705-0132.",False
homes-for-sale/homes-over-1-5m-in-queens.html,"Homes for Sale $1.5M and Up in Queens, NY | Gadura Real Estate","Homes for Sale $1.5M and Up in Queens, NY | Gadura RE",True,"Browse 11 homes for sale $1.5m and up in Queens, NY with Gadura Real Estate. Prices from $1,500,000 to $2,499,000. Call (917) 705-0132.","Browse 11 homes for sale $1.5m and up in Queens, NY with Gadura Real Estate. Prices from $1,500,000 to $2,499,000. Call (917) 705-0132.",False
homes-for-sale/homes-750k-to-1m-in-long-island.html,"Homes for Sale $750K to $1M in Long Island, NY | Gadura Real Estate","Homes for Sale $750K to $1M in Long Island, NY | Gadura RE",True,"Browse 9 homes for sale $750k to $1m in Long Island, NY with Gadura Real Estate. Prices from $780,000 to $980,000. Call (917) 705-0132.","Browse 9 homes for sale $750k to $1m in Long Island, NY with Gadura Real Estate. Prices from $780,000 to $980,000. Call (917) 705-0132.",False
homes-for-sale/homes-750k-to-1m-in-queens.html,"Homes for Sale $750K to $1M in Queens, NY | Gadura Real Estate","Homes for Sale $750K to $1M in Queens, NY | Gadura RE",True,"Browse 16 homes for sale $750k to $1m in Queens, NY with Gadura Real Estate. Prices from $785,000 to $999,999. Call (917) 705-0132.","Browse 16 homes for sale $750k to $1m in Queens, NY with Gadura Real Estate. Prices from $785,000 to $999,999. Call (917) 705-0132.",False
homes-for-sale/homes-750k-to-1m-in-elmont.html,"Homes for Sale $750K to $1M in Elmont, NY | Gadura Real Estate","Homes for Sale $750K to $1M in Elmont, NY | Gadura RE",True,"Browse 3 homes for sale $750k to $1m in Elmont, NY with Gadura Real Estate. Prices from $780,000 to $980,000. Call (917) 705-0132.","Browse 3 homes for sale $750k to $1m in Elmont, NY with Gadura Real Estate. Prices from $780,000 to $980,000. Call (917) 705-0132.",False
homes-for-sale/homes-1m-to-1-5m-in-queens-long-island.html,"Homes for Sale $1M to $1.5M in Queens &amp; Long Island, NY | Gadura Real Estate","Homes for Sale $1M to $1.5M in Queens &amp; Long Island, NY",True,"Browse 35 homes for sale $1m to $1.5m in Queens &amp; Long Island, NY with Gadura Real Estate. Prices from $1,025,000 to $1,499,000. Call (917) 705-0132.","Browse 35 homes for sale $1m to $1.5m in Queens &amp; Long Island, NY with Gadura Real Estate. Prices from $1,025,000 to $1,499,000. Call (917) 705-0132.",False
homes-for-sale/jamaica-homes.html,Homes For Sale in Jamaica Queens NY | Gadura Real Estate,Homes For Sale in Jamaica Queens NY | Gadura Real Estate,False,Jamaica Queens homes for sale — the borough's transportation hub. Browse listings and connect with Nitin Gadura for expert Jamaica real estate guidance.,Jamaica Queens homes for sale — the borough&#x27;s transportation hub. Browse listings and connect with Nitin Gadura for expert Jamaica real estate guidance.,True
homes-for-sale/homes-1m-to-1-5m-in-nassau-county.html,"Homes for Sale $1M to $1.5M in Nassau County, NY | Gadura Real Estate","Homes for Sale $1M to $1.5M in Nassau County, NY | Gadura RE",True,"Browse 3 homes for sale $1m to $1.5m in Nassau County, NY with Gadura Real Estate. Prices from $1,050,000 to $1,199,000. Call (917) 705-0132.","Browse 3 homes for sale $1m to $1.5m in Nassau County, NY with Gadura Real Estate. Prices from $1,050,000 to $1,199,000. Call (917) 705-0132.",False
homes-for-sale/homes-1m-to-1-5m-in-jamaica.html,"Homes for Sale $1M to $1.5M in Jamaica, NY | Gadura Real Estate","Homes for Sale $1M to $1.5M in Jamaica, NY | Gadura RE",True,"Browse 4 homes for sale $1m to $1.5m in Jamaica, NY with Gadura Real Estate. Prices from $1,225,000 to $1,499,000. Call (917) 705-0132.","Browse 4 homes for sale $1m to $1.5m in Jamaica, NY with Gadura Real Estate. Prices from $1,225,000 to $1,499,000. Call (917) 705-0132.",False
market-reports/2026-07-ozone-park-market-report.html,Ozone Park Real Estate Market Report — July 2026 | Gadura Real Estate,Ozone Park Real Estate Market Report — July 2026 | Gadura RE,True,"Ozone Park July 2026 real estate market: median $750K, 32 days on market, 99% sold-to-list. By Nitin Gadura, NYS Salesperson. (917) 705-0132.","Ozone Park July 2026 real estate market: median $750K, 32 days on market, 99% sold-to-list. By Nitin Gadura, NYS Salesperson. (917) 705-0132.",False
market-reports/2026-07-stony-brook-market-report.html,Stony Brook Real Estate Market Report — July 2026 | Gadura Real Estate,Stony Brook Real Estate Market Report — July 2026,True,"Stony Brook July 2026 real estate market: median $580K, 32 days on market, 99% sold-to-list. By Nitin Gadura, NYS Salesperson. (917) 705-0132.","Stony Brook July 2026 real estate market: median $580K, 32 days on market, 99% sold-to-list. By Nitin Gadura, NYS Salesperson. (917) 705-0132.",False
market-reports/2026-08-ozone-park-market-report.html,Ozone Park Real Estate Market Report — August 2026 | Gadura Real Estate,Ozone Park Real Estate Market Report — August 2026,True,"Ozone Park August 2026 real estate market: median $750K, 32 days on market, 99% sold-to-list. By Nitin Gadura, NYS Salesperson. (917) 705-0132.","Ozone Park August 2026 real estate market: median $750K, 32 days on market, 99% sold-to-list. By Nitin Gadura, NYS Salesperson. (917) 705-0132.",False
market-reports/2026-08-manhasset-market-report.html,Manhasset Real Estate Market Report — August 2026 | Gadura Real Estate,Manhasset Real Estate Market Report — August 2026,True,"Manhasset August 2026 real estate market: median $720K, 32 days on market, 99% sold-to-list. By Nitin Gadura, NYS Salesperson. (917) 705-0132.","Manhasset August 2026 real estate market: median $720K, 32 days on market, 99% sold-to-list. By Nitin Gadura, NYS Salesperson. (917) 705-0132.",False
market-reports/2026-07-forest-hills-market-report.html,Forest Hills Real Estate Market Report — July 2026 | Gadura Real Estate,Forest Hills Real Estate Market Report — July 2026,True,"Forest Hills July 2026 real estate market: median $750K, 32 days on market, 99% sold-to-list. By Nitin Gadura, NYS Salesperson. (917) 705-0132.","Forest Hills July 2026 real estate market: median $750K, 32 days on market, 99% sold-to-list. By Nitin Gadura, NYS Salesperson. (917) 705-0132.",False
market-reports/2026-07-richmond-hill-market-report.html,Richmond Hill Real Estate Market Report — July 2026 | Gadura Real Estate,Richmond Hill Real Estate Market Report — July 2026,True,"Richmond Hill July 2026 real estate market: median $750K, 32 days on market, 99% sold-to-list. By Nitin Gadura, NYS Salesperson. (917) 705-0132.","Richmond Hill July 2026 real estate market: median $750K, 32 days on market, 99% sold-to-list. By Nitin Gadura, NYS Salesperson. (917) 705-0132.",False
market-reports/index.html,Queens Housing Market Reports by ZIP Code | Gadura Real Estate,Queens Housing Market Reports by ZIP Code | Gadura RE,True,"Monthly housing market reports for Queens, NY by ZIP code. Home prices, trends, and data for Howard Beach, Ozone Park, Richmond Hill. Research by Nitin Gadura.","Monthly housing market reports for Queens, NY by ZIP code. Home prices, trends, and data for Howard Beach, Ozone Park, Richmond Hill.",True
market-reports/2026-08-astoria-market-report.html,Astoria Real Estate Market Report — August 2026 | Gadura Real Estate,Astoria Real Estate Market Report — August 2026 | Gadura RE,True,"Astoria August 2026 real estate market: median $750K, 32 days on market, 99% sold-to-list. By Nitin Gadura, NYS Salesperson. (917) 705-0132.","Astoria August 2026 real estate market: median $750K, 32 days on market, 99% sold-to-list. By Nitin Gadura, NYS Salesperson. (917) 705-0132.",False
market-reports/2026-07-bay-ridge-market-report.html,Bay Ridge Real Estate Market Report — July 2026 | Gadura Real Estate,Bay Ridge Real Estate Market Report — July 2026 | Gadura RE,True,"Bay Ridge July 2026 real estate market: median $950K, 32 days on market, 99% sold-to-list. By Nitin Gadura, NYS Salesperson. (917) 705-0132.","Bay Ridge July 2026 real estate market: median $950K, 32 days on market, 99% sold-to-list. By Nitin Gadura, NYS Salesperson. (917) 705-0132.",False
market-reports/2026-07-garden-city-market-report.html,Garden City Real Estate Market Report — July 2026 | Gadura Real Estate,Garden City Real Estate Market Report — July 2026,True,"Garden City July 2026 real estate market: median $720K, 32 days on market, 99% sold-to-list. By Nitin Gadura, NYS Salesperson. (917) 705-0132.","Garden City July 2026 real estate market: median $720K, 32 days on market, 99% sold-to-list. By Nitin Gadura, NYS Salesperson. (917) 705-0132.",False
market-reports/2026-07-williamsburg-market-report.html,Williamsburg Real Estate Market Report — July 2026 | Gadura Real Estate,Williamsburg Real Estate Market Report — July 2026,True,"Williamsburg July 2026 real estate market: median $950K, 32 days on market, 99% sold-to-list. By Nitin Gadura, NYS Salesperson. (917) 705-0132.","Williamsburg July 2026 real estate market: median $950K, 32 days on market, 99% sold-to-list. By Nitin Gadura, NYS Salesperson. (917) 705-0132.",False
market-reports/2026-08-hicksville-market-report.html,Hicksville Real Estate Market Report — August 2026 | Gadura Real Estate,Hicksville Real Estate Market Report — August 2026,True,"Hicksville August 2026 real estate market: median $720K, 32 days on market, 99% sold-to-list. By Nitin Gadura, NYS Salesperson. (917) 705-0132.","Hicksville August 2026 real estate market: median $720K, 32 days on market, 99% sold-to-list. By Nitin Gadura, NYS Salesperson. (917) 705-0132.",False
market-reports/queens-market-report-q1-2026.html,"Queens Housing Market Report Q1 2026 &mdash; Prices, Trends &amp; Forecast | Gadura Real Estate","Queens Housing Market Report Q1 2026 &mdash; Prices, Trends &amp; Forecast | Gadura Real Estate",False,"Queens NY housing market Q1 2026: neighborhood-by-neighborhood price analysis across 10 ZIP codes. Data-driven report by Nitin Gadura, NYS Lic. RE Salesperson.","Queens NY housing market Q1 2026: neighborhood-by-neighborhood price analysis across 10 ZIP codes. Data-driven report by Nitin Gadura, NYS Lic.",True
market-reports/2026-07-great-neck-market-report.html,Great Neck Real Estate Market Report — July 2026 | Gadura Real Estate,Great Neck Real Estate Market Report — July 2026 | Gadura RE,True,"Great Neck July 2026 real estate market: median $720K, 32 days on market, 99% sold-to-list. By Nitin Gadura, NYS Salesperson. (917) 705-0132.","Great Neck July 2026 real estate market: median $720K, 32 days on market, 99% sold-to-list. By Nitin Gadura, NYS Salesperson. (917) 705-0132.",False
market-reports/2026-08-riverdale-market-report.html,Riverdale Real Estate Market Report — August 2026 | Gadura Real Estate,Riverdale Real Estate Market Report — August 2026,True,"Riverdale August 2026 real estate market: median $580K, 32 days on market, 99% sold-to-list. By Nitin Gadura, NYS Salesperson. (917) 705-0132.","Riverdale August 2026 real estate market: median $580K, 32 days on market, 99% sold-to-list. By Nitin Gadura, NYS Salesperson. (917) 705-0132.",False
market-reports/2026-07-throgs-neck-market-report.html,Throgs Neck Real Estate Market Report — July 2026 | Gadura Real Estate,Throgs Neck Real Estate Market Report — July 2026,True,"Throgs Neck July 2026 real estate market: median $580K, 32 days on market, 99% sold-to-list. By Nitin Gadura, NYS Salesperson. (917) 705-0132.","Throgs Neck July 2026 real estate market: median $580K, 32 days on market, 99% sold-to-list. By Nitin Gadura, NYS Salesperson. (917) 705-0132.",False
market-reports/2026-07-floral-park-market-report.html,Floral Park Real Estate Market Report — July 2026 | Gadura Real Estate,Floral Park Real Estate Market Report — July 2026,True,"Floral Park July 2026 real estate market: median $720K, 32 days on market, 99% sold-to-list. By Nitin Gadura, NYS Salesperson. (917) 705-0132.","Floral Park July 2026 real estate market: median $720K, 32 days on market, 99% sold-to-list. By Nitin Gadura, NYS Salesperson. (917) 705-0132.",False
market-reports/2026-08-jamaica-market-report.html,Jamaica Real Estate Market Report — August 2026 | Gadura Real Estate,Jamaica Real Estate Market Report — August 2026 | Gadura RE,True,"Jamaica August 2026 real estate market: median $750K, 32 days on market, 99% sold-to-list. By Nitin Gadura, NYS Salesperson. (917) 705-0132.","Jamaica August 2026 real estate market: median $750K, 32 days on market, 99% sold-to-list. By Nitin Gadura, NYS Salesperson. (917) 705-0132.",False
market-reports/2026-08-upper-east-side-market-report.html,Upper East Side Real Estate Market Report — August 2026 | Gadura Real Estate,Upper East Side Real Estate Market Report — August 2026,True,"Upper East Side August 2026 real estate market: median $1.45M, 32 days on market, 99% sold-to-list. By Nitin Gadura, NYS Salesperson. (917) 705-0132.","Upper East Side August 2026 real estate market: median $1.45M, 32 days on market, 99% sold-to-list. By Nitin Gadura, NYS Salesperson. (917) 705-0132.",False
market-reports/2026-07-hicksville-market-report.html,Hicksville Real Estate Market Report — July 2026 | Gadura Real Estate,Hicksville Real Estate Market Report — July 2026 | Gadura RE,True,"Hicksville July 2026 real estate market: median $720K, 32 days on market, 99% sold-to-list. By Nitin Gadura, NYS Salesperson. (917) 705-0132.","Hicksville July 2026 real estate market: median $720K, 32 days on market, 99% sold-to-list. By Nitin Gadura, NYS Salesperson. (917) 705-0132.",False
market-reports/2026-08-great-neck-market-report.html,Great Neck Real Estate Market Report — August 2026 | Gadura Real Estate,Great Neck Real Estate Market Report — August 2026,True,"Great Neck August 2026 real estate market: median $720K, 32 days on market, 99% sold-to-list. By Nitin Gadura, NYS Salesperson. (917) 705-0132.","Great Neck August 2026 real estate market: median $720K, 32 days on market, 99% sold-to-list. By Nitin Gadura, NYS Salesperson. (917) 705-0132.",False
market-reports/2026-08-richmond-hill-market-report.html,Richmond Hill Real Estate Market Report — August 2026 | Gadura Real Estate,Richmond Hill Real Estate Market Report — August 2026,True,"Richmond Hill August 2026 real estate market: median $750K, 32 days on market, 99% sold-to-list. By Nitin Gadura, NYS Salesperson. (917) 705-0132.","Richmond Hill August 2026 real estate market: median $750K, 32 days on market, 99% sold-to-list. By Nitin Gadura, NYS Salesperson. (917) 705-0132.",False
market-reports/2026-07-park-slope-market-report.html,Park Slope Real Estate Market Report — July 2026 | Gadura Real Estate,Park Slope Real Estate Market Report — July 2026 | Gadura RE,True,"Park Slope July 2026 real estate market: median $950K, 32 days on market, 99% sold-to-list. By Nitin Gadura, NYS Salesperson. (917) 705-0132.","Park Slope July 2026 real estate market: median $950K, 32 days on market, 99% sold-to-list. By Nitin Gadura, NYS Salesperson. (917) 705-0132.",False
market-reports/2026-07-tottenville-market-report.html,Tottenville Real Estate Market Report — July 2026 | Gadura Real Estate,Tottenville Real Estate Market Report — July 2026,True,"Tottenville July 2026 real estate market: median $720K, 32 days on market, 99% sold-to-list. By Nitin Gadura, NYS Salesperson. (917) 705-0132.","Tottenville July 2026 real estate market: median $720K, 32 days on market, 99% sold-to-list. By Nitin Gadura, NYS Salesperson. (917) 705-0132.",False
market-reports/2026-08-park-slope-market-report.html,Park Slope Real Estate Market Report — August 2026 | Gadura Real Estate,Park Slope Real Estate Market Report — August 2026,True,"Park Slope August 2026 real estate market: median $950K, 32 days on market, 99% sold-to-list. By Nitin Gadura, NYS Salesperson. (917) 705-0132.","Park Slope August 2026 real estate market: median $950K, 32 days on market, 99% sold-to-list. By Nitin Gadura, NYS Salesperson. (917) 705-0132.",False
market-reports/2026-08-todt-hill-market-report.html,Todt Hill Real Estate Market Report — August 2026 | Gadura Real Estate,Todt Hill Real Estate Market Report — August 2026,True,"Todt Hill August 2026 real estate market: median $720K, 32 days on market, 99% sold-to-list. By Nitin Gadura, NYS Salesperson. (917) 705-0132.","Todt Hill August 2026 real estate market: median $720K, 32 days on market, 99% sold-to-list. By Nitin Gadura, NYS Salesperson. (917) 705-0132.",False
market-reports/2026-07-howard-beach-market-report.html,Howard Beach Real Estate Market Report — July 2026 | Gadura Real Estate,Howard Beach Real Estate Market Report — July 2026,True,"Howard Beach July 2026 real estate market: median $750K, 32 days on market, 99% sold-to-list. By Nitin Gadura, NYS Salesperson. (917) 705-0132.","Howard Beach July 2026 real estate market: median $750K, 32 days on market, 99% sold-to-list. By Nitin Gadura, NYS Salesperson. (917) 705-0132.",False
market-reports/2026-08-throgs-neck-market-report.html,Throgs Neck Real Estate Market Report — August 2026 | Gadura Real Estate,Throgs Neck Real Estate Market Report — August 2026,True,"Throgs Neck August 2026 real estate market: median $580K, 32 days on market, 99% sold-to-list. By Nitin Gadura, NYS Salesperson. (917) 705-0132.","Throgs Neck August 2026 real estate market: median $580K, 32 days on market, 99% sold-to-list. By Nitin Gadura, NYS Salesperson. (917) 705-0132.",False
market-reports/2026-08-floral-park-market-report.html,Floral Park Real Estate Market Report — August 2026 | Gadura Real Estate,Floral Park Real Estate Market Report — August 2026,True,"Floral Park August 2026 real estate market: median $720K, 32 days on market, 99% sold-to-list. By Nitin Gadura, NYS Salesperson. (917) 705-0132.","Floral Park August 2026 real estate market: median $720K, 32 days on market, 99% sold-to-list. By Nitin Gadura, NYS Salesperson. (917) 705-0132.",False
market-reports/2026-07-astoria-market-report.html,Astoria Real Estate Market Report — July 2026 | Gadura Real Estate,Astoria Real Estate Market Report — July 2026 | Gadura RE,True,"Astoria July 2026 real estate market: median $750K, 32 days on market, 99% sold-to-list. By Nitin Gadura, NYS Salesperson. (917) 705-0132.","Astoria July 2026 real estate market: median $750K, 32 days on market, 99% sold-to-list. By Nitin Gadura, NYS Salesperson. (917) 705-0132.",False
market-reports/2026-07-todt-hill-market-report.html,Todt Hill Real Estate Market Report — July 2026 | Gadura Real Estate,Todt Hill Real Estate Market Report — July 2026 | Gadura RE,True,"Todt Hill July 2026 real estate market: median $720K, 32 days on market, 99% sold-to-list. By Nitin Gadura, NYS Salesperson. (917) 705-0132.","Todt Hill July 2026 real estate market: median $720K, 32 days on market, 99% sold-to-list. By Nitin Gadura, NYS Salesperson. (917) 705-0132.",False
market-reports/2026-08-forest-hills-market-report.html,Forest Hills Real Estate Market Report — August 2026 | Gadura Real Estate,Forest Hills Real Estate Market Report — August 2026,True,"Forest Hills August 2026 real estate market: median $750K, 32 days on market, 99% sold-to-list. By Nitin Gadura, NYS Salesperson. (917) 705-0132.","Forest Hills August 2026 real estate market: median $750K, 32 days on market, 99% sold-to-list. By Nitin Gadura, NYS Salesperson. (917) 705-0132.",False
market-reports/2026-07-riverdale-market-report.html,Riverdale Real Estate Market Report — July 2026 | Gadura Real Estate,Riverdale Real Estate Market Report — July 2026 | Gadura RE,True,"Riverdale July 2026 real estate market: median $580K, 32 days on market, 99% sold-to-list. By Nitin Gadura, NYS Salesperson. (917) 705-0132.","Riverdale July 2026 real estate market: median $580K, 32 days on market, 99% sold-to-list. By Nitin Gadura, NYS Salesperson. (917) 705-0132.",False
market-reports/2026-08-tottenville-market-report.html,Tottenville Real Estate Market Report — August 2026 | Gadura Real Estate,Tottenville Real Estate Market Report — August 2026,True,"Tottenville August 2026 real estate market: median $720K, 32 days on market, 99% sold-to-list. By Nitin Gadura, NYS Salesperson. (917) 705-0132.","Tottenville August 2026 real estate market: median $720K, 32 days on market, 99% sold-to-list. By Nitin Gadura, NYS Salesperson. (917) 705-0132.",False
market-reports/2026-07-huntington-market-report.html,Huntington Real Estate Market Report — July 2026 | Gadura Real Estate,Huntington Real Estate Market Report — July 2026 | Gadura RE,True,"Huntington July 2026 real estate market: median $580K, 32 days on market, 99% sold-to-list. By Nitin Gadura, NYS Salesperson. (917) 705-0132.","Huntington July 2026 real estate market: median $580K, 32 days on market, 99% sold-to-list. By Nitin Gadura, NYS Salesperson. (917) 705-0132.",False
market-reports/2026-08-huntington-market-report.html,Huntington Real Estate Market Report — August 2026 | Gadura Real Estate,Huntington Real Estate Market Report — August 2026,True,"Huntington August 2026 real estate market: median $580K, 32 days on market, 99% sold-to-list. By Nitin Gadura, NYS Salesperson. (917) 705-0132.","Huntington August 2026 real estate market: median $580K, 32 days on market, 99% sold-to-list. By Nitin Gadura, NYS Salesperson. (917) 705-0132.",False
market-reports/2026-08-williamsburg-market-report.html,Williamsburg Real Estate Market Report — August 2026 | Gadura Real Estate,Williamsburg Real Estate Market Report — August 2026,True,"Williamsburg August 2026 real estate market: median $950K, 32 days on market, 99% sold-to-list. By Nitin Gadura, NYS Salesperson. (917) 705-0132.","Williamsburg August 2026 real estate market: median $950K, 32 days on market, 99% sold-to-list. By Nitin Gadura, NYS Salesperson. (917) 705-0132.",False
market-reports/2026-08-stony-brook-market-report.html,Stony Brook Real Estate Market Report — August 2026 | Gadura Real Estate,Stony Brook Real Estate Market Report — August 2026,True,"Stony Brook August 2026 real estate market: median $580K, 32 days on market, 99% sold-to-list. By Nitin Gadura, NYS Salesperson. (917) 705-0132.","Stony Brook August 2026 real estate market: median $580K, 32 days on market, 99% sold-to-list. By Nitin Gadura, NYS Salesperson. (917) 705-0132.",False
market-reports/2026-07-flushing-market-report.html,Flushing Real Estate Market Report — July 2026 | Gadura Real Estate,Flushing Real Estate Market Report — July 2026 | Gadura RE,True,"Flushing July 2026 real estate market: median $750K, 32 days on market, 99% sold-to-list. By Nitin Gadura, NYS Salesperson. (917) 705-0132.","Flushing July 2026 real estate market: median $750K, 32 days on market, 99% sold-to-list. By Nitin Gadura, NYS Salesperson. (917) 705-0132.",False
market-reports/2026-08-bay-ridge-market-report.html,Bay Ridge Real Estate Market Report — August 2026 | Gadura Real Estate,Bay Ridge Real Estate Market Report — August 2026,True,"Bay Ridge August 2026 real estate market: median $950K, 32 days on market, 99% sold-to-list. By Nitin Gadura, NYS Salesperson. (917) 705-0132.","Bay Ridge August 2026 real estate market: median $950K, 32 days on market, 99% sold-to-list. By Nitin Gadura, NYS Salesperson. (917) 705-0132.",False
market-reports/2026-07-upper-east-side-market-report.html,Upper East Side Real Estate Market Report — July 2026 | Gadura Real Estate,Upper East Side Real Estate Market Report — July 2026,True,"Upper East Side July 2026 real estate market: median $1.45M, 32 days on market, 99% sold-to-list. By Nitin Gadura, NYS Salesperson. (917) 705-0132.","Upper East Side July 2026 real estate market: median $1.45M, 32 days on market, 99% sold-to-list. By Nitin Gadura, NYS Salesperson. (917) 705-0132.",False
market-reports/2026-08-howard-beach-market-report.html,Howard Beach Real Estate Market Report — August 2026 | Gadura Real Estate,Howard Beach Real Estate Market Report — August 2026,True,"Howard Beach August 2026 real estate market: median $750K, 32 days on market, 99% sold-to-list. By Nitin Gadura, NYS Salesperson. (917) 705-0132.","Howard Beach August 2026 real estate market: median $750K, 32 days on market, 99% sold-to-list. By Nitin Gadura, NYS Salesperson. (917) 705-0132.",False
market-reports/2026-08-flushing-market-report.html,Flushing Real Estate Market Report — August 2026 | Gadura Real Estate,Flushing Real Estate Market Report — August 2026 | Gadura RE,True,"Flushing August 2026 real estate market: median $750K, 32 days on market, 99% sold-to-list. By Nitin Gadura, NYS Salesperson. (917) 705-0132.","Flushing August 2026 real estate market: median $750K, 32 days on market, 99% sold-to-list. By Nitin Gadura, NYS Salesperson. (917) 705-0132.",False
market-reports/2026-07-manhasset-market-report.html,Manhasset Real Estate Market Report — July 2026 | Gadura Real Estate,Manhasset Real Estate Market Report — July 2026 | Gadura RE,True,"Manhasset July 2026 real estate market: median $720K, 32 days on market, 99% sold-to-list. By Nitin Gadura, NYS Salesperson. (917) 705-0132.","Manhasset July 2026 real estate market: median $720K, 32 days on market, 99% sold-to-list. By Nitin Gadura, NYS Salesperson. (917) 705-0132.",False
market-reports/2026-07-jamaica-market-report.html,Jamaica Real Estate Market Report — July 2026 | Gadura Real Estate,Jamaica Real Estate Market Report — July 2026 | Gadura RE,True,"Jamaica July 2026 real estate market: median $750K, 32 days on market, 99% sold-to-list. By Nitin Gadura, NYS Salesperson. (917) 705-0132.","Jamaica July 2026 real estate market: median $750K, 32 days on market, 99% sold-to-list. By Nitin Gadura, NYS Salesperson. (917) 705-0132.",False
market-reports/2026-08-garden-city-market-report.html,Garden City Real Estate Market Report — August 2026 | Gadura Real Estate,Garden City Real Estate Market Report — August 2026,True,"Garden City August 2026 real estate market: median $720K, 32 days on market, 99% sold-to-list. By Nitin Gadura, NYS Salesperson. (917) 705-0132.","Garden City August 2026 real estate market: median $720K, 32 days on market, 99% sold-to-list. By Nitin Gadura, NYS Salesperson. (917) 705-0132.",False
seller-leads/index.html,Sell Your Home in Queens & Long Island | Gadura RE,Sell Your Home in Queens & Long Island | Gadura RE,False,"Expert seller resources for Queens & Long Island homeowners. Whether your home expired, you","Expert seller resources for Queens &amp; Long Island homeowners. Whether your home expired, you",True
seller-leads/sell-home-fast-brooklyn.html,Sell My House Fast in Brooklyn NY | Gadura RE,Sell My House Fast in Brooklyn NY | Gadura RE,False,"Need to sell your Brooklyn home fast? Nitin Gadura's buyer network and cash buyer connections deliver quick, fair Brooklyn home sales.","Need to sell your Brooklyn home fast? Nitin Gadura&#x27;s buyer network and cash buyer connections deliver quick, fair Brooklyn home sales.",True
seller-leads/sell-home-fast-queens.html,Sell My House Fast in Queens NY | Gadura RE,Sell My House Fast in Queens NY | Gadura RE,False,"Need to sell your Queens home fast? Nitin Gadura's buyer network and cash connections deliver quick, fair sales without sacrificing price.","Need to sell your Queens home fast? Nitin Gadura&#x27;s buyer network and cash connections deliver quick, fair sales without sacrificing price.",True
seller-leads/expired-listings-queens.html,Expired Listing Specialist Queens NY | Gadura RE,Expired Listing Specialist Queens NY | Gadura RE,False,Your home didn't sell — let's fix that. Nitin Gadura is Queens NY's expired listing specialist. Contact Nitin Gadura at 718-850-0010 for expert guidance.,Your home didn&#x27;t sell — let&#x27;s fix that. Nitin Gadura is Queens NY&#x27;s expired listing specialist. Contact Nitin Gadura at 718-850-0010 for expert guidance.,True
services/property-management.html,"Property Management Services in Queens, Brooklyn & Long","Property Management Services in Queens, Brooklyn & Long",False,"Property management services in Queens, Brooklyn & Long Island. Nitin Gadura handles tenant screening, rent collection.","Property management services in Queens, Brooklyn &amp; Long Island. Nitin Gadura handles tenant screening, rent collection.",True
services/index.html,Real Estate Services | Gadura RE,Real Estate Services | Gadura RE,False,"Gadura Real Estate offers buying, selling, commercial, and rental services across Queens, Nassau, Suffolk & Brooklyn. Broker/Owner Vinod Gadura.","Gadura Real Estate offers buying, selling, commercial, and rental services across Queens, Nassau, Suffolk &amp; Brooklyn. Broker/Owner Vinod Gadura.",True
services/sell-home-queens-long-island.html,Sell Your Home in Queens & Long Island NY | Gadura RE,Sell Your Home in Queens & Long Island NY | Gadura RE,False,"Sell your Queens or Long Island home fast and for the strongest supportable price with Nitin Gadura, Licensed NYS Real Estate Salesperson. Free home valuation.","Sell your Queens or Long Island home fast and for the strongest supportable price with Nitin Gadura, Licensed NYS Real Estate Salesperson.",True
services/multi-family-homes.html,"Multi-Family Homes in Queens, Brooklyn & Long Island","Multi-Family Homes in Queens, Brooklyn & Long Island",False,"Find multi-family homes in Queens, Brooklyn & Long Island. Two-family, three-family, and four-family properties for owner-occupants and investors.","Find multi-family homes in Queens, Brooklyn &amp; Long Island. Two-family, three-family, and four-family properties for owner-occupants and investors.",True
services/investment-properties.html,"Investment Properties in Queens, Brooklyn & Long Island","Investment Properties in Queens, Brooklyn & Long Island",False,"Find profitable investment properties in Queens, Brooklyn & Long Island. Multi-family, mixed-use & rental income properties.","Find profitable investment properties in Queens, Brooklyn &amp; Long Island. Multi-family, mixed-use &amp; rental income properties.",True
services/luxury-homes.html,"Luxury Homes & Properties in Queens, Brooklyn & Long Island","Luxury Homes & Properties in Queens, Brooklyn & Long Island",False,"Luxury homes and premium properties in Queens, Brooklyn & Long Island. Nitin Gadura offers discreet, expert service for high-end buyers and sellers.","Luxury homes and premium properties in Queens, Brooklyn &amp; Long Island. Nitin Gadura offers discreet, expert service for high-end buyers and sellers.",True
services/new-construction.html,"New Construction Homes in Queens, Brooklyn & Long Island","New Construction Homes in Queens, Brooklyn & Long Island",False,"Find new construction homes in Queens, Brooklyn & Long Island. Nitin Gadura guides buyers through pre-construction, model homes","Find new construction homes in Queens, Brooklyn &amp; Long Island. Nitin Gadura guides buyers through pre-construction, model homes",True
services/first-time-buyers.html,First-Time Home Buyer Services in NYC & Long Island,First-Time Home Buyer Services in NYC & Long Island,False,"First-time home buyer services in Queens, Brooklyn & Long Island. Nitin Gadura guides you through down payment programs, pre-approval","First-time home buyer services in Queens, Brooklyn &amp; Long Island. Nitin Gadura guides you through down payment programs, pre-approval",True
services/commercial-real-estate.html,"Commercial Real Estate in Queens, Brooklyn & Long Island","Commercial Real Estate in Queens, Brooklyn & Long Island",False,"Commercial real estate services in Queens, Brooklyn & Long Island. Nitin Gadura helps you buy, sell, or lease retail, office","Commercial real estate services in Queens, Brooklyn &amp; Long Island. Nitin Gadura helps you buy, sell, or lease retail, office",True
services/landlord-services-queens.html,Landlord Services Queens NY | Rent Out Your Property | Nitin Gadura,Landlord Services Queens NY | Rent Out Your Property | Nitin Gadura,False,"Landlord services in Queens, Brooklyn & Long Island. Nitin Gadura helps landlords find qualified tenants, handle showings, screen… Call (917) 705-0132.","Landlord services in Queens, Brooklyn &amp; Long Island. Nitin Gadura helps landlords find qualified tenants, handle showings, screen… Call (917) 705-0132.",True
gurvinder-singh/index.html,Gurvinder Singh (Gary) | Gadura RE,Gurvinder Singh (Gary) | Gadura RE,False,"Gurvinder Singh (Gary) — Punjabi & Hindi speaking real estate agent in Richmond Hill, New Hyde Park & Woodhaven Queens NY.","Gurvinder Singh (Gary) — Punjabi &amp; Hindi speaking real estate agent in Richmond Hill, New Hyde Park &amp; Woodhaven Queens NY.",True
market-reports/queens/index.html,Queens NY Housing Market Reports — Home Prices by ZIP Code | Gadura Real Estate,Queens NY Housing Market Reports — Home Prices by ZIP Code,True,"Queens housing market reports by ZIP code: Howard Beach 11414, Ozone Park 11416, Richmond Hill 11418. Monthly home prices and trends by Nitin Gadura.","Queens housing market reports by ZIP code: Howard Beach 11414, Ozone Park 11416, Richmond Hill 11418. Monthly home prices and trends by Nitin Gadura.",False
market-reports/queens/whitestone-11357/index.html,Whitestone Housing Market &mdash; 11357 Home Prices &amp; Trends | Gadura Real Estate,Whitestone Housing Market — 11357 Home Prices &amp; Trends,True,"Whitestone, Queens (11357) housing market: est. median home value $760,000. Prices, trends &amp; analysis by Nitin Gadura, NYS Lic. RE Salesperson.","Whitestone, Queens (11357) housing market: est. median home value $760,000. Prices, trends &amp; analysis by Nitin Gadura, NYS Lic. RE Salesperson.",False
market-reports/queens/astoria-11105/index.html,Astoria Housing Market &mdash; 11105 Home Prices &amp; Trends | Gadura Real Estate,Astoria Housing Market — 11105 Home Prices &amp; Trends,True,"Astoria, Queens (11105) housing market: est. median home value $695,000. Prices, trends &amp; analysis by Nitin Gadura, NYS Lic. RE Salesperson.","Astoria, Queens (11105) housing market: est. median home value $695,000. Prices, trends &amp; analysis by Nitin Gadura, NYS Lic. RE Salesperson.",False
market-reports/queens/astoria-11103/index.html,Astoria Housing Market &mdash; 11103 Home Prices &amp; Trends | Gadura Real Estate,Astoria Housing Market — 11103 Home Prices &amp; Trends,True,"Astoria, Queens (11103) housing market: est. median home value $665,000. Prices, trends &amp; analysis by Nitin Gadura, NYS Lic. RE Salesperson.","Astoria, Queens (11103) housing market: est. median home value $665,000. Prices, trends &amp; analysis by Nitin Gadura, NYS Lic. RE Salesperson.",False
market-reports/queens/richmond-hill-11418/index.html,Richmond Hill Housing Market &mdash; 11418 Home Prices &amp; Trends | Gadura Real Estate,Richmond Hill Housing Market — 11418 Home Prices &amp; Trends,True,"Richmond Hill, Queens (11418) housing market hub: est. median home value $759,800. Monthly reports &amp; analysis by Nitin Gadura.","Richmond Hill, Queens (11418) housing market hub: est. median home value $759,800. Monthly reports &amp; analysis by Nitin Gadura.",False
market-reports/queens/fresh-meadows-11365/index.html,Fresh Meadows Housing Market &mdash; 11365 Home Prices &amp; Trends | Gadura Real Estate,Fresh Meadows Housing Market — 11365 Home Prices &amp; Trends,True,"Fresh Meadows, Queens (11365) housing market: est. median home value $680,000. Prices, trends &amp; analysis by Nitin Gadura, NYS Lic. RE Salesperson.","Fresh Meadows, Queens (11365) housing market: est. median home value $680,000. Prices, trends &amp; analysis by Nitin Gadura, NYS Lic. RE Salesperson.",False
market-reports/queens/long-island-city-11101/index.html,Long Island City Housing Market &mdash; 11101 Home Prices &amp; Trends | Gadura Real Estate,Long Island City Housing Market — 11101 Home Prices &amp; Trends,True,"Long Island City, Queens (11101) housing market: est. median home value $785,000. Prices, trends &amp; analysis by Nitin Gadura, NYS Lic. RE Salesperson.","Long Island City, Queens (11101) housing market: est. median home value $785,000. Prices, trends &amp; analysis by Nitin Gadura, NYS Lic. RE Salesperson.",False
market-reports/queens/flushing-11358/index.html,Flushing Housing Market &mdash; 11358 Home Prices &amp; Trends | Gadura Real Estate,Flushing Housing Market — 11358 Home Prices &amp; Trends,True,"Flushing, Queens (11358) housing market: est. median home value $725,000. Prices, trends &amp; analysis by Nitin Gadura, NYS Lic. RE Salesperson.","Flushing, Queens (11358) housing market: est. median home value $725,000. Prices, trends &amp; analysis by Nitin Gadura, NYS Lic. RE Salesperson.",False
market-reports/queens/douglaston-11363/index.html,Douglaston Housing Market &mdash; 11363 Home Prices &amp; Trends | Gadura Real Estate,Douglaston Housing Market — 11363 Home Prices &amp; Trends,True,"Douglaston, Queens (11363) housing market: est. median home value $820,000. Prices, trends &amp; analysis by Nitin Gadura, NYS Lic. RE Salesperson.","Douglaston, Queens (11363) housing market: est. median home value $820,000. Prices, trends &amp; analysis by Nitin Gadura, NYS Lic. RE Salesperson.",False
market-reports/queens/bayside-11361/index.html,Bayside Housing Market &mdash; 11361 Home Prices &amp; Trends | Gadura Real Estate,Bayside Housing Market — 11361 Home Prices &amp; Trends,True,"Bayside, Queens (11361) housing market: est. median home value $740,000. Prices, trends &amp; analysis by Nitin Gadura, NYS Lic. RE Salesperson.","Bayside, Queens (11361) housing market: est. median home value $740,000. Prices, trends &amp; analysis by Nitin Gadura, NYS Lic. RE Salesperson.",False
market-reports/queens/jamaica-11432/index.html,Jamaica Housing Market &mdash; 11432 Home Prices &amp; Trends | Gadura Real Estate,Jamaica Housing Market — 11432 Home Prices &amp; Trends,True,"Jamaica, Queens (11432) housing market: est. median home value $575,000. Prices, trends &amp; analysis by Nitin Gadura, NYS Lic. RE Salesperson.","Jamaica, Queens (11432) housing market: est. median home value $575,000. Prices, trends &amp; analysis by Nitin Gadura, NYS Lic. RE Salesperson.",False
market-reports/queens/ozone-park-11416/index.html,Ozone Park Housing Market &mdash; 11416 Home Prices &amp; Trends | Gadura Real Estate,Ozone Park Housing Market — 11416 Home Prices &amp; Trends,True,"Ozone Park, Queens (11416) housing market: est. median home value $761,200. Prices, trends &amp; analysis by Nitin Gadura, NYS Lic. RE Salesperson.","Ozone Park, Queens (11416) housing market: est. median home value $761,200. Prices, trends &amp; analysis by Nitin Gadura, NYS Lic. RE Salesperson.",False
market-reports/queens/howard-beach-11414/index.html,Howard Beach Housing Market &mdash; 11414 Home Prices &amp; Trends | Gadura Real Estate,Howard Beach Housing Market — 11414 Home Prices &amp; Trends,True,"Howard Beach, Queens (11414) housing market: est. median home value $637,500. Prices, trends &amp; analysis by Nitin Gadura, NYS Lic. RE Salesperson.","Howard Beach, Queens (11414) housing market: est. median home value $637,500. Prices, trends &amp; analysis by Nitin Gadura, NYS Lic. RE Salesperson.",False
market-reports/queens/woodhaven-11421/index.html,Woodhaven Housing Market &mdash; 11421 Home Prices &amp; Trends | Gadura Real Estate,Woodhaven Housing Market — 11421 Home Prices &amp; Trends,True,"Woodhaven, Queens (11421) housing market: est. median home value $610,000. Prices, trends &amp; analysis by Nitin Gadura, NYS Lic. RE Salesperson.","Woodhaven, Queens (11421) housing market: est. median home value $610,000. Prices, trends &amp; analysis by Nitin Gadura, NYS Lic. RE Salesperson.",False
long-island/nassau/index.html,Nassau County Real Estate Agent | Nitin Gadura,Nassau County Real Estate Agent | Nitin Gadura,False,"Real estate agent serving every Nassau County neighborhood. Nitin Gadura at Gadura Real Estate LLC, NYS-licensed, multilingual, five-star reviewed. (917) 705-0132.","Real estate agent serving every Nassau County neighborhood. Nitin Gadura at Gadura Real Estate LLC, NYS-licensed, multilingual, five-star reviewed.",True
long-island/suffolk/index.html,Suffolk County Real Estate Agent | Nitin Gadura,Suffolk County Real Estate Agent | Nitin Gadura,False,"Real estate agent serving every Suffolk County neighborhood. Nitin Gadura at Gadura Real Estate LLC, NYS-licensed, multilingual, five-star reviewed. (917) 705-0132.","Real estate agent serving every Suffolk County neighborhood. Nitin Gadura at Gadura Real Estate LLC, NYS-licensed, multilingual, five-star reviewed.",True
v2/selling/how-much-is-my-house-worth-queens.html,How Much Is My House Worth in Queens NY? | Gadura RE,How Much Is My House Worth in Queens NY? | Gadura RE,False,"Get an accurate home value estimate for your Queens property. We analyze recent sales, your neighborhood, and your home's condition.","Get an accurate home value estimate for your Queens property. We analyze recent sales, your neighborhood, and your home&#x27;s condition.",True
v2/selling/queens-home-selling-timeline.html,How Long Does It Take to Sell a House in Queens NY?,How Long Does It Take to Sell a House in Queens NY?,False,"From listing to closing, selling a Queens home typically takes 60-90 days. Here's exactly what happens at each stage — and how to speed it up.","From listing to closing, selling a Queens home typically takes 60-90 days. Here&#x27;s exactly what happens at each stage — and how to speed it up.",True
v2/selling/home-selling-costs-queens-ny.html,Home Selling Costs in Queens NY — What You'll Actually Pay,Home Selling Costs in Queens NY — What You'll Actually Pay,False,"Commission, transfer tax, attorney fees, staging — here's exactly what it costs to sell a home in Queens NY. No surprises. Call (718) 850-0010.","Commission, transfer tax, attorney fees, staging — here&#x27;s exactly what it costs to sell a home in Queens NY. No surprises. Call (718) 850-0010.",True
v2/selling/best-time-to-sell-house-queens.html,Best Time to Sell a House in Queens NY | Gadura RE,Best Time to Sell a House in Queens NY | Gadura RE,False,"Spring is peak season, but the data tells a more nuanced story. Here's when to list for maximum price in Queens. Call (718) 850-0010.","Spring is peak season, but the data tells a more nuanced story. Here&#x27;s when to list for maximum price in Queens. Call (718) 850-0010.",True
v2/selling/sell-house-without-realtor-queens.html,Selling Your Queens Home Without a Realtor — What You Need,Selling Your Queens Home Without a Realtor — What You Need,False,"Thinking FSBO in Queens? Here's what it actually costs, what you risk, and what the numbers say. Read before you decide. Call (718) 850-0010.","Thinking FSBO in Queens? Here&#x27;s what it actually costs, what you risk, and what the numbers say. Read before you decide. Call (718) 850-0010.",True
v2/resources/queens-first-time-homebuyer-programs.html,First-Time Homebuyer Programs in Queens NY 2026 | Gadura RE,First-Time Homebuyer Programs in Queens NY 2026 | Gadura RE,False,"NYC HomeFirst provides up to $100,000 in down payment help for Queens buyers. Here's every program available in 2026 — and how sellers benefit too.","NYC HomeFirst provides up to $100,000 in down payment help for Queens buyers. Here&#x27;s every program available in 2026 — and how sellers benefit too.",True
v2/situations/index.html,Your Home Selling Situation | Gadura RE,Your Home Selling Situation | Gadura RE,False,"Every home sale starts with a situation. Inherited home, divorce, pre-foreclosure, relocation, retirement — we've handled them all in Queens.","Every home sale starts with a situation. Inherited home, divorce, pre-foreclosure, relocation, retirement — we&#x27;ve handled them all in Queens.",True
v2/situations/selling-deceased-parent-home-queens.html,Selling a Deceased Parent's Home in Queens NY | Gadura RE,Selling a Deceased Parent's Home in Queens NY | Gadura RE,False,"Lost a parent? We help families sell their loved one's Queens home with care, clarity, and no pressure.","Lost a parent? We help families sell their loved one&#x27;s Queens home with care, clarity, and no pressure.",True
v2/situations/selling-house-as-is-queens.html,Selling a House As-Is in Queens NY | Gadura RE,Selling a House As-Is in Queens NY | Gadura RE,False,Don't want to spend tens of thousands on repairs before selling? We sell Queens homes as-is at full market value. Call (718) 850-0010.,Don&#x27;t want to spend tens of thousands on repairs before selling? We sell Queens homes as-is at full market value. Call (718) 850-0010.,True
v2/situations/inherited-house-queens.html,Selling an Inherited House in Queens NY | Gadura Real Estate,Selling an Inherited House in Queens NY | Gadura Real Estate,False,"Inherited a home in Queens? We've handled dozens of estate sales across Ozone Park, Richmond Hill, Jamaica and more. No pressure. Full market price.","Inherited a home in Queens? We&#x27;ve handled dozens of estate sales across Ozone Park, Richmond Hill, Jamaica and more. No pressure. Full market price.",True
v2/situations/sell-my-house-fast-jamaica-queens.html,Sell My House Fast in Jamaica Queens NY | Gadura Real Estate,Sell My House Fast in Jamaica Queens NY | Gadura Real Estate,False,Selling in Jamaica Queens? We close homes fast at full market value — no cash investor lowballs. Jamaica's market is active and we know it.,Selling in Jamaica Queens? We close homes fast at full market value — no cash investor lowballs. Jamaica&#x27;s market is active and we know it.,True
v2/situations/selling-home-relocating-ny.html,Selling Your Queens Home Before Relocating | Gadura RE,Selling Your Queens Home Before Relocating | Gadura RE,False,Moving out of state or out of country? We sell Queens homes remotely — you don't have to be here. Contact Nitin Gadura at 718-850-0010 for expert guidance.,Moving out of state or out of country? We sell Queens homes remotely — you don&#x27;t have to be here. Contact Nitin Gadura at 718-850-0010 for expert guidance.,True
homes/97-33-89th-street-ozone-park-ny-11416/index.html,"97-33 89th Street, Ozone Park, NY 11416 — For Sale | Gadura Real Estate","97-33 89th Street, Ozone Park, NY 11416 — For Sale",True,"97-33 89th Street, Ozone Park, NY 11416 — multi-family home for sale at $915,000. 4 bed · 3 bath · 1,512 sqft. Contact Nitin Gadura at (917) 705-0132 for a private showing.","97-33 89th Street, Ozone Park, NY 11416 — multi-family home for sale at $915,000. 4 bed · 3 bath · 1,512 sqft.",True
homes/104-16-124th-st-south-richmond-hill-ny-11419/index.html,"104-16 124th St, South Richmond Hill, NY 11419 — For Sale | Gadura Real Estate","104-16 124th St, South Richmond Hill, NY 11419 — For Sale",True,"104-16 124th St, South Richmond Hill, NY 11419 — multi-family home for sale at $1,150,000. 5 bed · 3 bath · 2,100 sqft. Contact Nitin Gadura at (917) 705-0132 for a private showing.","104-16 124th St, South Richmond Hill, NY 11419 — multi-family home for sale at $1,150,000. 5 bed · 3 bath · 2,100 sqft.",True
homes/8716-liberty-avenue-ozone-park-new-york-11417/index.html,"8716 Liberty Avenue, Ozone Park, NY 11417 — For Sale | Gadura Real Estate","8716 Liberty Avenue, Ozone Park, NY 11417 — For Sale",True,"8716 Liberty Avenue, Ozone Park, NY 11417 — single-family home for sale at $1,065,000. Contact Nitin Gadura at (917) 705-0132 for a private showing.","8716 Liberty Avenue, Ozone Park, NY 11417 — single-family home for sale at $1,065,000. Contact Nitin Gadura at (917) 705-0132 for a private showing.",False
homes/86-22-somerset-street-jamaica-estates-ny-11432/index.html,"86-22 Somerset Street, Jamaica Estates, NY 11432 — For Sale | Gadura Real Estate","86-22 Somerset Street, Jamaica Estates, NY 11432 — For Sale",True,"86-22 Somerset Street, Jamaica Estates, NY 11432 — single-family home for sale at $2,488,000. 4 bed · 5.5 bath · 3,842 sqft. Contact Nitin Gadura at (917) 705-0132 for a private showing.","86-22 Somerset Street, Jamaica Estates, NY 11432 — single-family home for sale at $2,488,000. 4 bed · 5.5 bath · 3,842 sqft.",True
homes/10980-141st-street-jamaica-new-york-11435/index.html,"10980 141st Street, Jamaica, New York 11435 | Gadura Real Estate","10980 141st Street, Jamaica, New York 11435 | Gadura RE",True,"10980 141st Street, Jamaica is a Residential Income for sale at $849,000. 5 bed. View photos, full details, and contact Gadura Real Estate.","10980 141st Street, Jamaica is a Residential Income for sale at $849,000. 5 bed. View photos, full details, and contact Gadura Real Estate.",False
homes/142-roosevelt-avenue-freeport-ny-11520/index.html,"142 Roosevelt Avenue, Freeport, NY 11520 — For Sale | Gadura Real Estate","142 Roosevelt Avenue, Freeport, NY 11520 — For Sale",True,"142 Roosevelt Avenue, Freeport, NY 11520 — single-family home for sale at $850,000. 4 bed · 2 bath · 1,580 sqft. Contact Nitin Gadura at (917) 705-0132 for a private showing.","142 Roosevelt Avenue, Freeport, NY 11520 — single-family home for sale at $850,000. 4 bed · 2 bath · 1,580 sqft.",True
homes/25-lisa-drive-dix-hills-new-york-11746/index.html,"25 Lisa Drive, Dix Hills, New York 11746 | Gadura Real Estate","25 Lisa Drive, Dix Hills, New York 11746 | Gadura RE",True,"25 Lisa Drive, Dix Hills is a Residential for sale at $1,499,900. 5 bed. View photos, full details, and contact Gadura Real Estate.","25 Lisa Drive, Dix Hills is a Residential for sale at $1,499,900. 5 bed. View photos, full details, and contact Gadura Real Estate.",False
homes/88-24-170th-street-jamaica-ny-11432/index.html,"88-24 170th Street, Jamaica, NY 11432 — For Sale | Gadura Real Estate","88-24 170th Street, Jamaica, NY 11432 — For Sale | Gadura RE",True,"88-24 170th Street, Jamaica, NY 11432 — single-family home for sale at $1,500,000. 5 bed · 2 bath · 1,668 sqft. Contact Nitin Gadura at (917) 705-0132 for a private showing.","88-24 170th Street, Jamaica, NY 11432 — single-family home for sale at $1,500,000. 5 bed · 2 bath · 1,668 sqft.",True
homes/87-10-talbot-street-jamaica-ny-11435/index.html,"87-10 Talbot Street, Jamaica, NY 11435 — For Sale | Gadura Real Estate","87-10 Talbot Street, Jamaica, NY 11435 — For Sale",True,"87-10 Talbot Street, Jamaica, NY 11435 — multi-family home for sale at $1,225,000. 6 bed · 3 bath · 2,280 sqft. Contact Nitin Gadura at (917) 705-0132 for a private showing.","87-10 Talbot Street, Jamaica, NY 11435 — multi-family home for sale at $1,225,000. 6 bed · 3 bath · 2,280 sqft.",True
homes/95-26-86th-st-ozone-park-ny-11416/index.html,"95-26 86th St, Ozone Park, NY 11416 — For Sale | Gadura Real Estate","95-26 86th St, Ozone Park, NY 11416 — For Sale | Gadura RE",True,"95-26 86th St, Ozone Park, NY 11416 — multi-family home for sale at $1,389,000. 6 bed · 3 bath. Contact Nitin Gadura at (917) 705-0132 for a private showing.","95-26 86th St, Ozone Park, NY 11416 — multi-family home for sale at $1,389,000. 6 bed · 3 bath.",True
homes/93-08-123rd-street-richmond-hill-s-new-york-11419/index.html,"93-08 123rd Street, Richmond Hill S., New York 11419 | Gadura Real Estate","93-08 123rd Street, Richmond Hill S., New York 11419",True,"93-08 123rd Street, Richmond Hill S. is a Residential Income for sale at $950,000. 5 bed. View photos, full details, and contact Gadura Real Estate.","93-08 123rd Street, Richmond Hill S. is a Residential Income for sale at $950,000. 5 bed. View photos, full details, and contact Gadura Real Estate.",False
homes/82-15-91st-avenue-woodhaven-ny-11421/index.html,"82-15 91st Avenue, Woodhaven, NY 11421 — For Sale | Gadura Real Estate","82-15 91st Avenue, Woodhaven, NY 11421 — For Sale",True,"82-15 91st Avenue, Woodhaven, NY 11421 — single-family home for sale at $1,695,000. 5 bed · 4 bath · 2,000 sqft. Contact Nitin Gadura at (917) 705-0132 for a private showing.","82-15 91st Avenue, Woodhaven, NY 11421 — single-family home for sale at $1,695,000. 5 bed · 4 bath · 2,000 sqft.",True
homes/1125-atlantic-avenue-baldwin-ny-11510/index.html,"1125 Atlantic Avenue, Baldwin, NY 11510 — For Sale | Gadura Real Estate","1125 Atlantic Avenue, Baldwin, NY 11510 — For Sale",True,"1125 Atlantic Avenue, Baldwin, NY 11510 — multi-family home for sale at $1,050,000. 4 bed · 3 bath · 2,100 sqft. Contact Nitin Gadura at (917) 705-0132 for a private showing.","1125 Atlantic Avenue, Baldwin, NY 11510 — multi-family home for sale at $1,050,000. 4 bed · 3 bath · 2,100 sqft.",True
homes/97-42-85th-st-ozone-park-ny-11416/index.html,"97-42 85th St, Ozone Park, NY 11416 — For Sale | Gadura Real Estate","97-42 85th St, Ozone Park, NY 11416 — For Sale | Gadura RE",True,"97-42 85th St, Ozone Park, NY 11416 — single-family home for sale at $785,000. 3 bed · 2 bath · 1,630 sqft. Contact Nitin Gadura at (917) 705-0132 for a private showing.","97-42 85th St, Ozone Park, NY 11416 — single-family home for sale at $785,000. 3 bed · 2 bath · 1,630 sqft.",True
homes/55-elizabeth-st-valley-stream-ny-11580/index.html,"55 Elizabeth St, Valley Stream, NY 11580 — For Sale | Gadura Real Estate","55 Elizabeth St, Valley Stream, NY 11580 — For Sale",True,"55 Elizabeth St, Valley Stream, NY 11580 — single-family home for sale at $806,000. 4 bed · 3 bath · 1,406 sqft. Contact Nitin Gadura at (917) 705-0132 for a private showing.","55 Elizabeth St, Valley Stream, NY 11580 — single-family home for sale at $806,000. 4 bed · 3 bath · 1,406 sqft.",True
homes/537-miller-avenue-brooklyn-ny-11207/index.html,"537 Miller Avenue, Brooklyn, NY 11207 — For Sale | Gadura Real Estate","537 Miller Avenue, Brooklyn, NY 11207 — For Sale | Gadura RE",True,"537 Miller Avenue, Brooklyn, NY 11207 — multi-family home for sale at $985,000. 4 bed · 2 bath · 1,680 sqft. Contact Nitin Gadura at (917) 705-0132 for a private showing.","537 Miller Avenue, Brooklyn, NY 11207 — multi-family home for sale at $985,000. 4 bed · 2 bath · 1,680 sqft.",True
homes/85-49-avon-street-jamaica-estates-ny-11432/index.html,"85-49 Avon Street, Jamaica Estates, NY 11432 — For Sale | Gadura Real Estate","85-49 Avon Street, Jamaica Estates, NY 11432 — For Sale",True,"85-49 Avon Street, Jamaica Estates, NY 11432 — single-family home for sale at $1,988,000. 4 bed · 4 bath · 3,352 sqft. Contact Nitin Gadura at (917) 705-0132 for a private showing.","85-49 Avon Street, Jamaica Estates, NY 11432 — single-family home for sale at $1,988,000. 4 bed · 4 bath · 3,352 sqft.",True
homes/164-15-88th-avenue-jamaica-ny-11432/index.html,"164-15 88th Avenue, Jamaica, NY 11432 — For Sale | Gadura Real Estate","164-15 88th Avenue, Jamaica, NY 11432 — For Sale | Gadura RE",True,"164-15 88th Avenue, Jamaica, NY 11432 — multi-family home for sale at $1,375,000. 5 bed · 3 bath · 2,050 sqft. Contact Nitin Gadura at (917) 705-0132 for a private showing.","164-15 88th Avenue, Jamaica, NY 11432 — multi-family home for sale at $1,375,000. 5 bed · 3 bath · 2,050 sqft.",True
homes/184-32-cambridge-road-jamaica-estates-ny-11432/index.html,"184-32 Cambridge Road, Jamaica Estates, NY 11432 — For Sale | Gadura Real Estate","184-32 Cambridge Road, Jamaica Estates, NY 11432 — For Sale",True,"184-32 Cambridge Road, Jamaica Estates, NY 11432 — single-family home for sale at $1,379,000. 5 bed · 3 bath · 1,600 sqft. Contact Nitin Gadura at (917) 705-0132 for a private showing.","184-32 Cambridge Road, Jamaica Estates, NY 11432 — single-family home for sale at $1,379,000. 5 bed · 3 bath · 1,600 sqft.",True
homes/178-15-130th-avenue-jamaica-ny-11434/index.html,"178-15 130th Avenue, Jamaica, NY 11434 — For Sale | Gadura Real Estate","178-15 130th Avenue, Jamaica, NY 11434 — For Sale",True,"178-15 130th Avenue, Jamaica, NY 11434 — single-family home for sale at $690,000. 3 bed · 2.5 bath · 1,710 sqft. Contact Nitin Gadura at (917) 705-0132 for a private showing.","178-15 130th Avenue, Jamaica, NY 11434 — single-family home for sale at $690,000. 3 bed · 2.5 bath · 1,710 sqft.",True
homes/153-11-88th-avenue-jamaica-ny-11432/index.html,"153-11 88th Avenue, Jamaica, NY 11432 — For Sale | Gadura Real Estate","153-11 88th Avenue, Jamaica, NY 11432 — For Sale | Gadura RE",True,"153-11 88th Avenue, Jamaica, NY 11432 — single-family home for sale at $1,999,999. 6 bed · 2 bath · 2,375 sqft. Contact Nitin Gadura at (917) 705-0132 for a private showing.","153-11 88th Avenue, Jamaica, NY 11432 — single-family home for sale at $1,999,999. 6 bed · 2 bath · 2,375 sqft.",True
homes/107-73-129th-st-south-richmond-hill-ny-11419/index.html,"107-73 129th St, South Richmond Hill, NY 11419 — For Sale | Gadura Real Estate","107-73 129th St, South Richmond Hill, NY 11419 — For Sale",True,"107-73 129th St, South Richmond Hill, NY 11419 — single-family home for sale at $1,099,999. 5 bed · 1.5 bath · 1,980 sqft. Contact Nitin Gadura at (917) 705-0132 for a private showing.","107-73 129th St, South Richmond Hill, NY 11419 — single-family home for sale at $1,099,999. 5 bed · 1.5 bath · 1,980 sqft.",True
homes/119-42-130th-street-south-ozone-park-ny-11420/index.html,"119-42 130th Street, South Ozone Park, NY 11420 — For Sale | Gadura Real Estate","119-42 130th Street, South Ozone Park, NY 11420 — For Sale",True,"119-42 130th Street, South Ozone Park, NY 11420 — single-family home for sale at $975,000. 4 bed · 2 bath · 1,680 sqft. Contact Nitin Gadura at (917) 705-0132 for a private showing.","119-42 130th Street, South Ozone Park, NY 11420 — single-family home for sale at $975,000. 4 bed · 2 bath · 1,680 sqft.",True
homes/45-lakewood-place-rockville-centre-ny-11570/index.html,"45 Lakewood Place, Rockville Centre, NY 11570 — For Sale | Gadura Real Estate","45 Lakewood Place, Rockville Centre, NY 11570 — For Sale",True,"45 Lakewood Place, Rockville Centre, NY 11570 — single-family home for sale at $1,199,000. 4 bed · 3 bath · 2,400 sqft. Contact Nitin Gadura at (917) 705-0132 for a private showing.","45 Lakewood Place, Rockville Centre, NY 11570 — single-family home for sale at $1,199,000. 4 bed · 3 bath · 2,400 sqft.",True
homes/12406-111th-avenue-richmond-hill-new-york-11420/index.html,"12406 111th Avenue, Richmond Hill, NY 11420 — For Sale | Gadura Real Estate","12406 111th Avenue, Richmond Hill, NY 11420 — For Sale",True,"12406 111th Avenue, Richmond Hill, NY 11420 — single-family home for sale at $749,999. Contact Nitin Gadura at (917) 705-0132 for a private showing.","12406 111th Avenue, Richmond Hill, NY 11420 — single-family home for sale at $749,999. Contact Nitin Gadura at (917) 705-0132 for a private showing.",False
homes/232-17-148th-drive-rosedale-ny-11422/index.html,"232-17 148th Drive, Rosedale, NY 11422 — For Sale | Gadura Real Estate","232-17 148th Drive, Rosedale, NY 11422 — For Sale",True,"232-17 148th Drive, Rosedale, NY 11422 — single-family home for sale at $825,000. 3 bed · 2 bath · 1,380 sqft. Contact Nitin Gadura at (917) 705-0132 for a private showing.","232-17 148th Drive, Rosedale, NY 11422 — single-family home for sale at $825,000. 3 bed · 2 bath · 1,380 sqft.",True
homes/10773-129th-street-richmond-hill-s-new-york-11419/index.html,"10773 129th Street, Richmond Hill S., New York 11419 | Gadura Real Estate","10773 129th Street, Richmond Hill S., New York 11419",True,"10773 129th Street, Richmond Hill S. is a Residential for sale at $950,000. 5 bed. View photos, full details, and contact Gadura Real Estate.","10773 129th Street, Richmond Hill S. is a Residential for sale at $950,000. 5 bed. View photos, full details, and contact Gadura Real Estate.",False
homes/114-06-farmers-blvd-cambria-heights-ny-11411/index.html,"114-06 Farmers Blvd, Cambria Heights, NY 11411 — For Sale | Gadura Real Estate","114-06 Farmers Blvd, Cambria Heights, NY 11411 — For Sale",True,"114-06 Farmers Blvd, Cambria Heights, NY 11411 — single-family home for sale at $1,025,000. 4 bed · 2 bath · 1,720 sqft. Contact Nitin Gadura at (917) 705-0132 for a private showing.","114-06 Farmers Blvd, Cambria Heights, NY 11411 — single-family home for sale at $1,025,000. 4 bed · 2 bath · 1,720 sqft.",True
homes/101-16-95th-street-ozone-park-ny-11416/index.html,"101-16 95th Street, Ozone Park, NY 11416 — For Sale | Gadura Real Estate","101-16 95th Street, Ozone Park, NY 11416 — For Sale",True,"101-16 95th Street, Ozone Park, NY 11416 — multi-family home for sale at $1,288,000. 5 bed · 4 bath · 3,325 sqft. Contact Nitin Gadura at (917) 705-0132 for a private showing.","101-16 95th Street, Ozone Park, NY 11416 — multi-family home for sale at $1,288,000. 5 bed · 4 bath · 3,325 sqft.",True
homes/18-elm-avenue-elmont-ny-11003/index.html,"18 Elm Avenue, Elmont, NY 11003 — For Sale | Gadura Real Estate","18 Elm Avenue, Elmont, NY 11003 — For Sale | Gadura RE",True,"18 Elm Avenue, Elmont, NY 11003 — multi-family home for sale at $980,000. 4 bed · 3 bath · 1,960 sqft. Contact Nitin Gadura at (917) 705-0132 for a private showing.","18 Elm Avenue, Elmont, NY 11003 — multi-family home for sale at $980,000. 4 bed · 3 bath · 1,960 sqft.",True
homes/10556-135th-street-richmond-hill-new-york-11419/index.html,"10556 135th Street, Richmond Hill, New York 11419 | Gadura Real Estate","10556 135th Street, Richmond Hill, New York 11419",True,"10556 135th Street, Richmond Hill is a Residential for sale at $1,249,000. 7 bed. View photos, full details, and contact Gadura Real Estate.","10556 135th Street, Richmond Hill is a Residential for sale at $1,249,000. 7 bed. View photos, full details, and contact Gadura Real Estate.",False
homes/82-04-141st-street-briarwood-ny-11435/index.html,"82-04 141st Street, Briarwood, NY 11435 — For Sale | Gadura Real Estate","82-04 141st Street, Briarwood, NY 11435 — For Sale",True,"82-04 141st Street, Briarwood, NY 11435 — single-family home for sale at $1,428,888. 3 bed · 3 bath · 2,379 sqft. Contact Nitin Gadura at (917) 705-0132 for a private showing.","82-04 141st Street, Briarwood, NY 11435 — single-family home for sale at $1,428,888. 3 bed · 3 bath · 2,379 sqft.",True
homes/1025-vermont-street-brooklyn-ny-11207/index.html,"1025 Vermont Street, Brooklyn, NY 11207 — For Sale | Gadura Real Estate","1025 Vermont Street, Brooklyn, NY 11207 — For Sale",True,"1025 Vermont Street, Brooklyn, NY 11207 — multi-family home for sale at $1,150,000. 5 bed · 3 bath · 2,100 sqft. Contact Nitin Gadura at (917) 705-0132 for a private showing.","1025 Vermont Street, Brooklyn, NY 11207 — multi-family home for sale at $1,150,000. 5 bed · 3 bath · 2,100 sqft.",True
homes/88-autumn-avenue-brooklyn-ny-11208/index.html,"88 Autumn Avenue, Brooklyn, NY 11208 — For Sale | Gadura Real Estate","88 Autumn Avenue, Brooklyn, NY 11208 — For Sale | Gadura RE",True,"88 Autumn Avenue, Brooklyn, NY 11208 — multi-family home for sale at $1,050,000. 4 bed · 3 bath · 1,850 sqft. Contact Nitin Gadura at (917) 705-0132 for a private showing.","88 Autumn Avenue, Brooklyn, NY 11208 — multi-family home for sale at $1,050,000. 4 bed · 3 bath · 1,850 sqft.",True
homes/135-24-126th-street-south-ozone-park-ny-11420/index.html,"135-24 126th Street, South Ozone Park, NY 11420 — For Sale | Gadura Real Estate","135-24 126th Street, South Ozone Park, NY 11420 — For Sale",True,"135-24 126th Street, South Ozone Park, NY 11420 — single-family home for sale at $1,350,000. 4 bed · 2 bath · 1,376 sqft. Contact Nitin Gadura at (917) 705-0132 for a private showing.","135-24 126th Street, South Ozone Park, NY 11420 — single-family home for sale at $1,350,000. 4 bed · 2 bath · 1,376 sqft.",True
homes/8716-liberty-avenue-ozone-park-ny-11417/index.html,"8716 Liberty Avenue, Ozone Park, NY 11417 — For Sale | Gadura Real Estate","8716 Liberty Avenue, Ozone Park, NY 11417 — For Sale",True,"8716 Liberty Avenue, Ozone Park, NY 11417 — commercial for sale at $1,065,000. Contact Nitin Gadura at (917) 705-0132 for a private showing.","8716 Liberty Avenue, Ozone Park, NY 11417 — commercial for sale at $1,065,000. Contact Nitin Gadura at (917) 705-0132 for a private showing.",False
homes/186-22-avon-road-jamaica-estates-ny-11432/index.html,"186-22 Avon Road, Jamaica Estates, NY 11432 — For Sale | Gadura Real Estate","186-22 Avon Road, Jamaica Estates, NY 11432 — For Sale",True,"186-22 Avon Road, Jamaica Estates, NY 11432 — single-family home for sale at $1,850,000. 3 bed · 2.5 bath · 1,224 sqft. Contact Nitin Gadura at (917) 705-0132 for a private showing.","186-22 Avon Road, Jamaica Estates, NY 11432 — single-family home for sale at $1,850,000. 3 bed · 2.5 bath · 1,224 sqft.",True
homes/219-28-141st-rd-springfield-gardens-ny-11413/index.html,"219-28 141st Rd, Springfield Gardens, NY 11413 — For Sale | Gadura Real Estate","219-28 141st Rd, Springfield Gardens, NY 11413 — For Sale",True,"219-28 141st Rd, Springfield Gardens, NY 11413 — single-family home for sale at $720,000. 4 bed · 3 bath · 1,100 sqft. Contact Nitin Gadura at (917) 705-0132 for a private showing.","219-28 141st Rd, Springfield Gardens, NY 11413 — single-family home for sale at $720,000. 4 bed · 3 bath · 1,100 sqft.",True
homes/84-29-kendrick-place-jamaica-estates-ny-11432/index.html,"84-29 Kendrick Place, Jamaica Estates, NY 11432 — For Sale | Gadura Real Estate","84-29 Kendrick Place, Jamaica Estates, NY 11432 — For Sale",True,"84-29 Kendrick Place, Jamaica Estates, NY 11432 — single-family home for sale at $2,499,000. 5 bed · 5.5 bath · 3,900 sqft. Contact Nitin Gadura at (917) 705-0132 for a private showing.","84-29 Kendrick Place, Jamaica Estates, NY 11432 — single-family home for sale at $2,499,000. 5 bed · 5.5 bath · 3,900 sqft.",True
homes/177-11-103rd-avenue-jamaica-ny-11433/index.html,"177-11 103rd Avenue, Jamaica, NY 11433 — For Sale | Gadura Real Estate","177-11 103rd Avenue, Jamaica, NY 11433 — For Sale",True,"177-11 103rd Avenue, Jamaica, NY 11433 — single-family home for sale at $998,000. 4 bed · 2 bath · 1,620 sqft. Contact Nitin Gadura at (917) 705-0132 for a private showing.","177-11 103rd Avenue, Jamaica, NY 11433 — single-family home for sale at $998,000. 4 bed · 2 bath · 1,620 sqft.",True
homes/29-nelson-street-elmont-ny-11003/index.html,"29 Nelson Street, Elmont, NY 11003 — For Sale | Gadura Real Estate","29 Nelson Street, Elmont, NY 11003 — For Sale | Gadura RE",True,"29 Nelson Street, Elmont, NY 11003 — single-family home for sale at $780,000. 3 bed · 2 bath · 1,380 sqft. Contact Nitin Gadura at (917) 705-0132 for a private showing.","29 Nelson Street, Elmont, NY 11003 — single-family home for sale at $780,000. 3 bed · 2 bath · 1,380 sqft.",True
homes/105-56-135th-st-south-richmond-hill-ny-11419/index.html,"105-56 135th St, South Richmond Hill, NY 11419 — For Sale | Gadura Real Estate","105-56 135th St, South Richmond Hill, NY 11419 — For Sale",True,"105-56 135th St, South Richmond Hill, NY 11419 — multi-family home for sale at $1,299,000. 7 bed · 2 bath · 1,762 sqft. Contact Nitin Gadura at (917) 705-0132 for a private showing.","105-56 135th St, South Richmond Hill, NY 11419 — multi-family home for sale at $1,299,000. 7 bed · 2 bath · 1,762 sqft.",True
homes/195-14-115th-road-st-albans-ny-11412/index.html,"195-14 115th Road, St. Albans, NY 11412 — For Sale | Gadura Real Estate","195-14 115th Road, St. Albans, NY 11412 — For Sale",True,"195-14 115th Road, St. Albans, NY 11412 — single-family home for sale at $875,000. 3 bed · 2 bath · 1,450 sqft. Contact Nitin Gadura at (917) 705-0132 for a private showing.","195-14 115th Road, St. Albans, NY 11412 — single-family home for sale at $875,000. 3 bed · 2 bath · 1,450 sqft.",True
homes/220-44-96th-avenue-queens-village-ny-11429/index.html,"220-44 96th Avenue, Queens Village, NY 11429 — For Sale | Gadura Real Estate","220-44 96th Avenue, Queens Village, NY 11429 — For Sale",True,"220-44 96th Avenue, Queens Village, NY 11429 — single-family home for sale at $975,000. 4 bed · 2 bath · 1,780 sqft. Contact Nitin Gadura at (917) 705-0132 for a private showing.","220-44 96th Avenue, Queens Village, NY 11429 — single-family home for sale at $975,000. 4 bed · 2 bath · 1,780 sqft.",True
homes/84-16-charlecote-ridge-jamaica-estates-ny-11432/index.html,"84-16 Charlecote Ridge, Jamaica Estates, NY 11432 — For Sale | Gadura Real Estate","84-16 Charlecote Ridge, Jamaica Estates, NY 11432 — For Sale",True,"84-16 Charlecote Ridge, Jamaica Estates, NY 11432 — single-family home for sale at $1,399,000. 4 bed · 4 bath · 2,030 sqft. Contact Nitin Gadura at (917) 705-0132 for a private showing.","84-16 Charlecote Ridge, Jamaica Estates, NY 11432 — single-family home for sale at $1,399,000. 4 bed · 4 bath · 2,030 sqft.",True
homes/2218-foster-avenue-brooklyn-ny-11210/index.html,"2218 Foster Avenue, Brooklyn, NY 11210 — For Sale | Gadura Real Estate","2218 Foster Avenue, Brooklyn, NY 11210 — For Sale",True,"2218 Foster Avenue, Brooklyn, NY 11210 — multi-family home for sale at $1,350,000. 5 bed · 3 bath · 2,200 sqft. Contact Nitin Gadura at (917) 705-0132 for a private showing.","2218 Foster Avenue, Brooklyn, NY 11210 — multi-family home for sale at $1,350,000. 5 bed · 3 bath · 2,200 sqft.",True
homes/103-22-125th-street-richmond-hill-ny-11419/index.html,"103-22 125th Street, Richmond Hill, NY 11419 — For Sale | Gadura Real Estate","103-22 125th Street, Richmond Hill, NY 11419 — For Sale",True,"103-22 125th Street, Richmond Hill, NY 11419 — multi-family home for sale at $1,180,000. 6 bed · 3 bath · 2,200 sqft. Contact Nitin Gadura at (917) 705-0132 for a private showing.","103-22 125th Street, Richmond Hill, NY 11419 — multi-family home for sale at $1,180,000. 6 bed · 3 bath · 2,200 sqft.",True
homes/67-merrick-avenue-valley-stream-ny-11581/index.html,"67 Merrick Avenue, Valley Stream, NY 11581 — For Sale | Gadura Real Estate","67 Merrick Avenue, Valley Stream, NY 11581 — For Sale",True,"67 Merrick Avenue, Valley Stream, NY 11581 — single-family home for sale at $820,000. 3 bed · 2 bath · 1,420 sqft. Contact Nitin Gadura at (917) 705-0132 for a private showing.","67 Merrick Avenue, Valley Stream, NY 11581 — single-family home for sale at $820,000. 3 bed · 2 bath · 1,420 sqft.",True
homes/85-35-edgerton-boulevard-jamaica-estates-ny-11432/index.html,"85-35 Edgerton Boulevard, Jamaica Estates, NY 11432 — For Sale | Gadura Real Estate","85-35 Edgerton Boulevard, Jamaica Estates, NY 11432 — For Sale | Gadura Real Estate",False,"85-35 Edgerton Boulevard, Jamaica Estates, NY 11432 — single-family home for sale at $1,690,000. 3 bed · 2.5 bath · 2,870 sqft. Contact Nitin Gadura at (917) 705-0132 for a private showing.","85-35 Edgerton Boulevard, Jamaica Estates, NY 11432 — single-family home for sale at $1,690,000. 3 bed · 2.5 bath · 2,870 sqft.",True
homes/40-durhamoc-lane-north-babylon-new-york-11703/index.html,"40 Durhamoc Lane, North Babylon, NY 11703 — For Sale | Gadura Real Estate","40 Durhamoc Lane, North Babylon, NY 11703 — For Sale",True,"40 Durhamoc Lane, North Babylon, NY 11703 — single-family home for sale at $749,000. 5 bed · 0 bath · 1,631 sqft. Contact Nitin Gadura at (917) 705-0132 for a private showing.","40 Durhamoc Lane, North Babylon, NY 11703 — single-family home for sale at $749,000. 5 bed · 0 bath · 1,631 sqft.",True
homes/60-gotham-ave-elmont-ny-11003/index.html,"60 Gotham Ave, Elmont, NY 11003 — For Sale | Gadura Real Estate","60 Gotham Ave, Elmont, NY 11003 — For Sale | Gadura RE",True,"60 Gotham Ave, Elmont, NY 11003 — multi-family home for sale at $947,000. 7 bed · 4 bath · 1,967 sqft. Contact Nitin Gadura at (917) 705-0132 for a private showing.","60 Gotham Ave, Elmont, NY 11003 — multi-family home for sale at $947,000. 7 bed · 4 bath · 1,967 sqft.",True
homes/88-centre-avenue-lynbrook-ny-11563/index.html,"88 Centre Avenue, Lynbrook, NY 11563 — For Sale | Gadura Real Estate","88 Centre Avenue, Lynbrook, NY 11563 — For Sale | Gadura RE",True,"88 Centre Avenue, Lynbrook, NY 11563 — single-family home for sale at $950,000. 3 bed · 2 bath · 1,640 sqft. Contact Nitin Gadura at (917) 705-0132 for a private showing.","88 Centre Avenue, Lynbrook, NY 11563 — single-family home for sale at $950,000. 3 bed · 2 bath · 1,640 sqft.",True
homes/13010-97th-avenue-richmond-hill-s-new-york-11419/index.html,"13010 97th Avenue, Richmond Hill S., NY 11419 — For Sale | Gadura Real Estate","13010 97th Avenue, Richmond Hill S., NY 11419 — For Sale",True,"13010 97th Avenue, Richmond Hill S., NY 11419 — single-family home for sale at $999,999. 5 bed · 0 bath. Contact Nitin Gadura at (917) 705-0132 for a private showing.","13010 97th Avenue, Richmond Hill S., NY 11419 — single-family home for sale at $999,999. 5 bed · 0 bath.",True
homes/2241-merrick-road-merrick-ny-11566/index.html,"2241 Merrick Road, Merrick, NY 11566 — For Sale | Gadura Real Estate","2241 Merrick Road, Merrick, NY 11566 — For Sale | Gadura RE",True,"2241 Merrick Road, Merrick, NY 11566 — single-family home for sale at $1,075,000. 4 bed · 2 bath · 1,900 sqft. Contact Nitin Gadura at (917) 705-0132 for a private showing.","2241 Merrick Road, Merrick, NY 11566 — single-family home for sale at $1,075,000. 4 bed · 2 bath · 1,900 sqft.",True
homes/35-sunrise-avenue-baldwin-ny-11510/index.html,"35 Sunrise Avenue, Baldwin, NY 11510 — For Sale | Gadura Real Estate","35 Sunrise Avenue, Baldwin, NY 11510 — For Sale | Gadura RE",True,"35 Sunrise Avenue, Baldwin, NY 11510 — single-family home for sale at $895,000. 4 bed · 2 bath · 1,750 sqft. Contact Nitin Gadura at (917) 705-0132 for a private showing.","35 Sunrise Avenue, Baldwin, NY 11510 — single-family home for sale at $895,000. 4 bed · 2 bath · 1,750 sqft.",True
homes/80-15-168th-street-jamaica-estates-ny-11432/index.html,"80-15 168th Street, Jamaica Estates, NY 11432 — For Sale | Gadura Real Estate","80-15 168th Street, Jamaica Estates, NY 11432 — For Sale",True,"80-15 168th Street, Jamaica Estates, NY 11432 — single-family home for sale at $1,348,888. 5 bed · 3 bath · 3,500 sqft. Contact Nitin Gadura at (917) 705-0132 for a private showing.","80-15 168th Street, Jamaica Estates, NY 11432 — single-family home for sale at $1,348,888. 5 bed · 3 bath · 3,500 sqft.",True
homes/219-18-107th-avenue-queens-village-ny-11427/index.html,"219-18 107th Avenue, Queens Village, NY 11427 — For Sale | Gadura Real Estate","219-18 107th Avenue, Queens Village, NY 11427 — For Sale",True,"219-18 107th Avenue, Queens Village, NY 11427 — single-family home for sale at $1,300,000. 6 bed · 4 bath · 2,268 sqft. Contact Nitin Gadura at (917) 705-0132 for a private showing.","219-18 107th Avenue, Queens Village, NY 11427 — single-family home for sale at $1,300,000. 6 bed · 4 bath · 2,268 sqft.",True
homes/134-16-116th-street-south-ozone-park-ny-11420/index.html,"134-16 116th Street, South Ozone Park, NY 11420 — For Sale | Gadura Real Estate","134-16 116th Street, South Ozone Park, NY 11420 — For Sale",True,"134-16 116th Street, South Ozone Park, NY 11420 — multi-family home for sale at $1,125,000. 5 bed · 3 bath · 2,100 sqft. Contact Nitin Gadura at (917) 705-0132 for a private showing.","134-16 116th Street, South Ozone Park, NY 11420 — multi-family home for sale at $1,125,000. 5 bed · 3 bath · 2,100 sqft.",True
homes/48-wellington-road-elmont-ny-11003/index.html,"48 Wellington Road, Elmont, NY 11003 — For Sale | Gadura Real Estate","48 Wellington Road, Elmont, NY 11003 — For Sale | Gadura RE",True,"48 Wellington Road, Elmont, NY 11003 — single-family home for sale at $718,000. 3 bed · 3 bath · 1,210 sqft. Contact Nitin Gadura at (917) 705-0132 for a private showing.","48 Wellington Road, Elmont, NY 11003 — single-family home for sale at $718,000. 3 bed · 3 bath · 1,210 sqft.",True
homes/105-42-91st-street-ozone-park-ny-11416/index.html,"105-42 91st Street, Ozone Park, NY 11416 — For Sale | Gadura Real Estate","105-42 91st Street, Ozone Park, NY 11416 — For Sale",True,"105-42 91st Street, Ozone Park, NY 11416 — single-family home for sale at $785,000. 3 bed · 1.5 bath · 1,200 sqft. Contact Nitin Gadura at (917) 705-0132 for a private showing.","105-42 91st Street, Ozone Park, NY 11416 — single-family home for sale at $785,000. 3 bed · 1.5 bath · 1,200 sqft.",True
homes/109-26-122nd-street-south-richmond-hill-ny-11419/index.html,"109-26 122nd Street, South Richmond Hill, NY 11419 — For Sale | Gadura Real Estate","109-26 122nd Street, South Richmond Hill, NY 11419 — For Sale | Gadura Real Estate",False,"109-26 122nd Street, South Richmond Hill, NY 11419 — multi-family home for sale at $1,050,000. 5 bed · 2 bath · 1,850 sqft. Contact Nitin Gadura at (917) 705-0132 for a private showing.","109-26 122nd Street, South Richmond Hill, NY 11419 — multi-family home for sale at $1,050,000. 5 bed · 2 bath · 1,850 sqft.",True
homes/161-07-90th-street-howard-beach-ny-11414/index.html,"161-07 90th Street, Howard Beach, NY 11414 — For Sale | Gadura Real Estate","161-07 90th Street, Howard Beach, NY 11414 — For Sale",True,"161-07 90th Street, Howard Beach, NY 11414 — single-family home for sale at $1,150,000. 4 bed · 2.5 bath · 2,126 sqft. Contact Nitin Gadura at (917) 705-0132 for a private showing.","161-07 90th Street, Howard Beach, NY 11414 — single-family home for sale at $1,150,000. 4 bed · 2.5 bath · 2,126 sqft.",True
homes/7-zemek-street-valley-stream-ny-11580/index.html,"7 Zemek Street, Valley Stream, NY 11580 — For Sale | Gadura Real Estate","7 Zemek Street, Valley Stream, NY 11580 — For Sale",True,"7 Zemek Street, Valley Stream, NY 11580 — single-family home for sale at $675,000. 3 bed · 2 bath · 1,400 sqft. Contact Nitin Gadura at (917) 705-0132 for a private showing.","7 Zemek Street, Valley Stream, NY 11580 — single-family home for sale at $675,000. 3 bed · 2 bath · 1,400 sqft.",True
homes/69-16-metropolitan-avenue-middle-village-ny-11379/index.html,"69-16 Metropolitan Avenue, Middle Village, NY 11379 — For Sale | Gadura Real Estate","69-16 Metropolitan Avenue, Middle Village, NY 11379 — For Sale | Gadura Real Estate",False,"69-16 Metropolitan Avenue, Middle Village, NY 11379 — multi-family home for sale at $1,285,000. 4 bed · 3 bath · 2,200 sqft. Contact Nitin Gadura at (917) 705-0132 for a private showing.","69-16 Metropolitan Avenue, Middle Village, NY 11379 — multi-family home for sale at $1,285,000. 4 bed · 3 bath · 2,200 sqft.",True
homes/1214-new-york-avenue-brooklyn-ny-11203/index.html,"1214 New York Avenue, Brooklyn, NY 11203 — For Sale | Gadura Real Estate","1214 New York Avenue, Brooklyn, NY 11203 — For Sale",True,"1214 New York Avenue, Brooklyn, NY 11203 — multi-family home for sale at $1,275,000. 6 bed · 3 bath · 2,350 sqft. Contact Nitin Gadura at (917) 705-0132 for a private showing.","1214 New York Avenue, Brooklyn, NY 11203 — multi-family home for sale at $1,275,000. 6 bed · 3 bath · 2,350 sqft.",True
homes/10522-jamaica-avenue-richmond-hill-new-york-11418/index.html,"10522 Jamaica Avenue, Richmond Hill, New York 11418 | Gadura Real Estate","10522 Jamaica Avenue, Richmond Hill, New York 11418",True,"10522 Jamaica Avenue, Richmond Hill is a Commercial Lease for sale at $2,000. View photos, full details, and contact Gadura Real Estate.","10522 Jamaica Avenue, Richmond Hill is a Commercial Lease for sale at $2,000. View photos, full details, and contact Gadura Real Estate.",False
homes/84-30-102nd-avenue-ozone-park-ny-11416/index.html,"84-30 102nd Avenue, Ozone Park, NY 11416 — For Sale | Gadura Real Estate","84-30 102nd Avenue, Ozone Park, NY 11416 — For Sale",True,"84-30 102nd Avenue, Ozone Park, NY 11416 — multi-family home for sale at $959,000. 5 bed · 3 bath · 1,224 sqft. Contact Nitin Gadura at (917) 705-0132 for a private showing.","84-30 102nd Avenue, Ozone Park, NY 11416 — multi-family home for sale at $959,000. 5 bed · 3 bath · 1,224 sqft.",True
homes/91-11-88th-road-woodhaven-ny-11421/index.html,"91-11 88th Road, Woodhaven, NY 11421 — For Sale | Gadura Real Estate","91-11 88th Road, Woodhaven, NY 11421 — For Sale | Gadura RE",True,"91-11 88th Road, Woodhaven, NY 11421 — multi-family home for sale at $1,199,000. 5 bed · 4 bath · 2,080 sqft. Contact Nitin Gadura at (917) 705-0132 for a private showing.","91-11 88th Road, Woodhaven, NY 11421 — multi-family home for sale at $1,199,000. 5 bed · 4 bath · 2,080 sqft.",True
homes/95-18-91st-street-ozone-park-ny-11416/index.html,"95-18 91st Street, Ozone Park, NY 11416 — For Sale | Gadura Real Estate","95-18 91st Street, Ozone Park, NY 11416 — For Sale",True,"95-18 91st Street, Ozone Park, NY 11416 — multi-family home for sale at $1,299,000. 5 bed · 2 bath · 2,440 sqft. Contact Nitin Gadura at (917) 705-0132 for a private showing.","95-18 91st Street, Ozone Park, NY 11416 — multi-family home for sale at $1,299,000. 5 bed · 2 bath · 2,440 sqft.",True
homes/87-67-chevy-chase-street-jamaica-estates-ny-11432/index.html,"87-67 Chevy Chase Street, Jamaica Estates, NY 11432 — For Sale | Gadura Real Estate","87-67 Chevy Chase Street, Jamaica Estates, NY 11432 — For Sale | Gadura Real Estate",False,"87-67 Chevy Chase Street, Jamaica Estates, NY 11432 — single-family home for sale at $1,739,000. 4 bed · 2.5 bath · 2,800 sqft. Contact Nitin Gadura at (917) 705-0132 for a private showing.","87-67 Chevy Chase Street, Jamaica Estates, NY 11432 — single-family home for sale at $1,739,000. 4 bed · 2.5 bath · 2,800 sqft.",True
homes/83-34-116th-street-kew-gardens-ny-11415/index.html,"83-34 116th Street, Kew Gardens, NY 11415 — For Sale | Gadura Real Estate","83-34 116th Street, Kew Gardens, NY 11415 — For Sale",True,"83-34 116th Street, Kew Gardens, NY 11415 — single-family home for sale at $1,899,999. 5 bed · 4.5 bath · 2,072 sqft. Contact Nitin Gadura at (917) 705-0132 for a private showing.","83-34 116th Street, Kew Gardens, NY 11415 — single-family home for sale at $1,899,999. 5 bed · 4.5 bath · 2,072 sqft.",True
homes/642-dorothea-lane-elmont-new-york-11003/index.html,"642 Dorothea Lane, Elmont, NY 11003 — For Sale | Gadura Real Estate","642 Dorothea Lane, Elmont, NY 11003 — For Sale | Gadura RE",True,"642 Dorothea Lane, Elmont, NY 11003 — single-family home for sale at $749,999. 4 bed · 0 bath · 1,238 sqft. Contact Nitin Gadura at (917) 705-0132 for a private showing.","642 Dorothea Lane, Elmont, NY 11003 — single-family home for sale at $749,999. 4 bed · 0 bath · 1,238 sqft.",True
homes/54-westwood-avenue-hempstead-ny-11550/index.html,"54 Westwood Avenue, Hempstead, NY 11550 — For Sale | Gadura Real Estate","54 Westwood Avenue, Hempstead, NY 11550 — For Sale",True,"54 Westwood Avenue, Hempstead, NY 11550 — single-family home for sale at $725,000. 3 bed · 2 bath · 1,280 sqft. Contact Nitin Gadura at (917) 705-0132 for a private showing.","54 Westwood Avenue, Hempstead, NY 11550 — single-family home for sale at $725,000. 3 bed · 2 bath · 1,280 sqft.",True
homes/1422-east-98th-street-brooklyn-ny-11236/index.html,"1422 East 98th Street, Brooklyn, NY 11236 — For Sale | Gadura Real Estate","1422 East 98th Street, Brooklyn, NY 11236 — For Sale",True,"1422 East 98th Street, Brooklyn, NY 11236 — single-family home for sale at $950,000. 3 bed · 2 bath · 1,580 sqft. Contact Nitin Gadura at (917) 705-0132 for a private showing.","1422 East 98th Street, Brooklyn, NY 11236 — single-family home for sale at $950,000. 3 bed · 2 bath · 1,580 sqft.",True
homes/83-21-160th-street-jamaica-ny-11432/index.html,"83-21 160th Street, Jamaica, NY 11432 — For Sale | Gadura Real Estate","83-21 160th Street, Jamaica, NY 11432 — For Sale | Gadura RE",True,"83-21 160th Street, Jamaica, NY 11432 — single-family home for sale at $1,499,000. 5 bed · 3.5 bath · 1,741 sqft. Contact Nitin Gadura at (917) 705-0132 for a private showing.","83-21 160th Street, Jamaica, NY 11432 — single-family home for sale at $1,499,000. 5 bed · 3.5 bath · 1,741 sqft.",True
homes/186-ridgewood-avenue-brooklyn-ny-11212/index.html,"186 Ridgewood Avenue, Brooklyn, NY 11212 — For Sale | Gadura Real Estate","186 Ridgewood Avenue, Brooklyn, NY 11212 — For Sale",True,"186 Ridgewood Avenue, Brooklyn, NY 11212 — multi-family home for sale at $1,080,000. 5 bed · 2 bath · 1,920 sqft. Contact Nitin Gadura at (917) 705-0132 for a private showing.","186 Ridgewood Avenue, Brooklyn, NY 11212 — multi-family home for sale at $1,080,000. 5 bed · 2 bath · 1,920 sqft.",True
homes/172-21-90th-avenue-jamaica-ny-11432/index.html,"172-21 90th Avenue, Jamaica, NY 11432 — For Sale | Gadura Real Estate","172-21 90th Avenue, Jamaica, NY 11432 — For Sale | Gadura RE",True,"172-21 90th Avenue, Jamaica, NY 11432 — single-family home for sale at $1,300,000. 3 bed · 2.5 bath · 1,402 sqft. Contact Nitin Gadura at (917) 705-0132 for a private showing.","172-21 90th Avenue, Jamaica, NY 11432 — single-family home for sale at $1,300,000. 3 bed · 2.5 bath · 1,402 sqft.",True
homes/79-20-88th-street-glendale-ny-11385/index.html,"79-20 88th Street, Glendale, NY 11385 — For Sale | Gadura Real Estate","79-20 88th Street, Glendale, NY 11385 — For Sale | Gadura RE",True,"79-20 88th Street, Glendale, NY 11385 — single-family home for sale at $1,150,000. 4 bed · 2 bath · 1,800 sqft. Contact Nitin Gadura at (917) 705-0132 for a private showing.","79-20 88th Street, Glendale, NY 11385 — single-family home for sale at $1,150,000. 4 bed · 2 bath · 1,800 sqft.",True
homes/186-34-henley-road-jamaica-estates-ny-11432/index.html,"186-34 Henley Road, Jamaica Estates, NY 11432 — For Sale | Gadura Real Estate","186-34 Henley Road, Jamaica Estates, NY 11432 — For Sale",True,"186-34 Henley Road, Jamaica Estates, NY 11432 — single-family home for sale at $1,398,000. 3 bed · 2.5 bath · 1,888 sqft. Contact Nitin Gadura at (917) 705-0132 for a private showing.","186-34 Henley Road, Jamaica Estates, NY 11432 — single-family home for sale at $1,398,000. 3 bed · 2.5 bath · 1,888 sqft.",True
homes/84-20-charlecote-ridge-jamaica-estates-ny-11432/index.html,"84-20 Charlecote Ridge, Jamaica Estates, NY 11432 — For Sale | Gadura Real Estate","84-20 Charlecote Ridge, Jamaica Estates, NY 11432 — For Sale",True,"84-20 Charlecote Ridge, Jamaica Estates, NY 11432 — single-family home for sale at $1,565,000. 6 bed · 2.5 bath · 2,112 sqft. Contact Nitin Gadura at (917) 705-0132 for a private showing.","84-20 Charlecote Ridge, Jamaica Estates, NY 11432 — single-family home for sale at $1,565,000. 6 bed · 2.5 bath · 2,112 sqft.",True
homes/107-14-107th-street-ozone-park-ny-11417/index.html,"107-14 107th Street, Ozone Park, NY 11417 — For Sale | Gadura Real Estate","107-14 107th Street, Ozone Park, NY 11417 — For Sale",True,"107-14 107th Street, Ozone Park, NY 11417 — multi-family home for sale at $1,099,000. 5 bed · 2 bath · 1,960 sqft. Contact Nitin Gadura at (917) 705-0132 for a private showing.","107-14 107th Street, Ozone Park, NY 11417 — multi-family home for sale at $1,099,000. 5 bed · 2 bath · 1,960 sqft.",True
homes/97-28-130th-street-richmond-hill-ny-11418/index.html,"97-28 130th Street, Richmond Hill, NY 11418 — For Sale | Gadura Real Estate","97-28 130th Street, Richmond Hill, NY 11418 — For Sale",True,"97-28 130th Street, Richmond Hill, NY 11418 — single-family home for sale at $1,350,000. 5 bed · 2.5 bath · 1,539 sqft. Contact Nitin Gadura at (917) 705-0132 for a private showing.","97-28 130th Street, Richmond Hill, NY 11418 — single-family home for sale at $1,350,000. 5 bed · 2.5 bath · 1,539 sqft.",True
homes/9419-116th-street-richmond-hill-new-york-11419/index.html,"9419 116th Street, Richmond Hill, New York 11419 | Gadura Real Estate","9419 116th Street, Richmond Hill, New York 11419 | Gadura RE",True,"9419 116th Street, Richmond Hill is a Residential Income for sale at $949,000. 5 bed. View photos, full details, and contact Gadura Real Estate.","9419 116th Street, Richmond Hill is a Residential Income for sale at $949,000. 5 bed. View photos, full details, and contact Gadura Real Estate.",False
homes/63-autumn-avenue-brooklyn-ny-11208/index.html,"63 Autumn Avenue, Brooklyn, NY 11208 — For Sale | Gadura Real Estate","63 Autumn Avenue, Brooklyn, NY 11208 — For Sale | Gadura RE",True,"63 Autumn Avenue, Brooklyn, NY 11208 — multi-family home for sale at $1,099,000. 5 bed · 3 bath · 2,000 sqft. Contact Nitin Gadura at (917) 705-0132 for a private showing.","63 Autumn Avenue, Brooklyn, NY 11208 — multi-family home for sale at $1,099,000. 5 bed · 3 bath · 2,000 sqft.",True
homes/9535-94th-street-ozone-park-ny-11416/index.html,"9535 94th Street, Ozone Park, NY 11416 — For Sale | Gadura Real Estate","9535 94th Street, Ozone Park, NY 11416 — For Sale",True,"9535 94th Street, Ozone Park, NY 11416 — multi-family home for sale at $889,000. Contact Nitin Gadura at (917) 705-0132 for a private showing.","9535 94th Street, Ozone Park, NY 11416 — multi-family home for sale at $889,000. Contact Nitin Gadura at (917) 705-0132 for a private showing.",False
homes/114-19-131st-street-south-ozone-park-ny-11420/index.html,"114-19 131st Street, South Ozone Park, NY 11420 — For Sale | Gadura Real Estate","114-19 131st Street, South Ozone Park, NY 11420 — For Sale",True,"114-19 131st Street, South Ozone Park, NY 11420 — single-family home for sale at $899,000. 3 bed · 2 bath · 1,440 sqft. Contact Nitin Gadura at (917) 705-0132 for a private showing.","114-19 131st Street, South Ozone Park, NY 11420 — single-family home for sale at $899,000. 3 bed · 2 bath · 1,440 sqft.",True
homes/305-hemlock-street-brooklyn-ny-11208/index.html,"305 Hemlock Street, Brooklyn, NY 11208 — For Sale | Gadura Real Estate","305 Hemlock Street, Brooklyn, NY 11208 — For Sale",True,"305 Hemlock Street, Brooklyn, NY 11208 — single-family home for sale at $1,025,000. 4 bed · 2 bath · 1,740 sqft. Contact Nitin Gadura at (917) 705-0132 for a private showing.","305 Hemlock Street, Brooklyn, NY 11208 — single-family home for sale at $1,025,000. 4 bed · 2 bath · 1,740 sqft.",True
homes/159-15-119th-avenue-jamaica-ny-11434/index.html,"159-15 119th Avenue, Jamaica, NY 11434 — For Sale | Gadura Real Estate","159-15 119th Avenue, Jamaica, NY 11434 — For Sale",True,"159-15 119th Avenue, Jamaica, NY 11434 — single-family home for sale at $875,000. 3 bed · 2 bath · 1,350 sqft. Contact Nitin Gadura at (917) 705-0132 for a private showing.","159-15 119th Avenue, Jamaica, NY 11434 — single-family home for sale at $875,000. 3 bed · 2 bath · 1,350 sqft.",True
homes/112-beach-25th-street-far-rockaway-ny-11691/index.html,"112 Beach 25th Street, Far Rockaway, NY 11691 — For Sale | Gadura Real Estate","112 Beach 25th Street, Far Rockaway, NY 11691 — For Sale",True,"112 Beach 25th Street, Far Rockaway, NY 11691 — single-family home for sale at $699,000. 3 bed · 2 bath · 1,300 sqft. Contact Nitin Gadura at (917) 705-0132 for a private showing.","112 Beach 25th Street, Far Rockaway, NY 11691 — single-family home for sale at $699,000. 3 bed · 2 bath · 1,300 sqft.",True
homes/95-27-87th-street-ozone-park-ny-11416/index.html,"95-27 87th Street, Ozone Park, NY 11416 — For Sale | Gadura Real Estate","95-27 87th Street, Ozone Park, NY 11416 — For Sale",True,"95-27 87th Street, Ozone Park, NY 11416 — multi-family home for sale at $1,250,000. 4 bed · 4 bath · 1,760 sqft. Contact Nitin Gadura at (917) 705-0132 for a private showing.","95-27 87th Street, Ozone Park, NY 11416 — multi-family home for sale at $1,250,000. 4 bed · 4 bath · 1,760 sqft.",True
homes/750-blake-avenue-brooklyn-ny-11208/index.html,"750 Blake Avenue, Brooklyn, NY 11208 — For Sale | Gadura Real Estate","750 Blake Avenue, Brooklyn, NY 11208 — For Sale | Gadura RE",True,"750 Blake Avenue, Brooklyn, NY 11208 — multi-family home for sale at $1,175,000. 6 bed · 3 bath · 2,280 sqft. Contact Nitin Gadura at (917) 705-0132 for a private showing.","750 Blake Avenue, Brooklyn, NY 11208 — multi-family home for sale at $1,175,000. 6 bed · 3 bath · 2,280 sqft.",True
homes/107-roosevelt-blvd-valley-stream-ny-11580/index.html,"107 Roosevelt Blvd, Valley Stream, NY 11580 — For Sale | Gadura Real Estate","107 Roosevelt Blvd, Valley Stream, NY 11580 — For Sale",True,"107 Roosevelt Blvd, Valley Stream, NY 11580 — single-family home for sale at $875,000. 4 bed · 2 bath · 1,650 sqft. Contact Nitin Gadura at (917) 705-0132 for a private showing.","107 Roosevelt Blvd, Valley Stream, NY 11580 — single-family home for sale at $875,000. 4 bed · 2 bath · 1,650 sqft.",True
homes/87-16-liberty-ave-ozone-park-ny-11417/index.html,"87-16 Liberty Ave, Ozone Park, NY 11417 — For Sale | Gadura Real Estate","87-16 Liberty Ave, Ozone Park, NY 11417 — For Sale",True,"87-16 Liberty Ave, Ozone Park, NY 11417 — single-family home for sale at $870,000. 4 bed · 3 bath · 1,248 sqft. Contact Nitin Gadura at (917) 705-0132 for a private showing.","87-16 Liberty Ave, Ozone Park, NY 11417 — single-family home for sale at $870,000. 4 bed · 3 bath · 1,248 sqft.",True
homes/146-52-182nd-street-springfield-gardens-ny-11413/index.html,"146-52 182nd Street, Springfield Gardens, NY 11413 — For Sale | Gadura Real Estate","146-52 182nd Street, Springfield Gardens, NY 11413 — For Sale | Gadura Real Estate",False,"146-52 182nd Street, Springfield Gardens, NY 11413 — single-family home for sale at $950,000. 4 bed · 2 bath · 1,640 sqft. Contact Nitin Gadura at (917) 705-0132 for a private showing.","146-52 182nd Street, Springfield Gardens, NY 11413 — single-family home for sale at $950,000. 4 bed · 2 bath · 1,640 sqft.",True
neighborhoods/manhattan/hells-kitchen.html,Hell's Kitchen Real Estate Agent | Nitin Gadura | Gadura RE,Hell's Kitchen Real Estate Agent | Nitin Gadura | Gadura RE,False,"Nitin Gadura — Licensed NYS real estate agent serving Hell's Kitchen, Manhattan. Median $1.10M. Hindi, Punjabi, Guyanese Creole spoken.","Nitin Gadura — Licensed NYS real estate agent serving Hell&#x27;s Kitchen, Manhattan. Median $1.10M. Hindi, Punjabi, Guyanese Creole spoken.",True
neighborhoods/brooklyn/flatbush.html,Flatbush Brooklyn Homes for Sale | Gadura Real Estate NY,Flatbush Brooklyn Homes for Sale | Gadura Real Estate NY,False,"Expert real estate services in Flatbush, Brooklyn. Nitin Gadura helps you buy, sell, and invest in one of Brooklyn's most vibrant neighborhoods.","Expert real estate services in Flatbush, Brooklyn. Nitin Gadura helps you buy, sell, and invest in one of Brooklyn&#x27;s most vibrant neighborhoods.",True
neighborhoods/staten-island/princes-bay.html,Prince's Bay Real Estate Agent | Nitin Gadura | Gadura RE,Prince's Bay Real Estate Agent | Nitin Gadura | Gadura RE,False,"Nitin Gadura — Licensed NYS real estate agent serving Prince's Bay, Staten Island. Median $950K. Hindi, Punjabi, Guyanese Creole spoken.","Nitin Gadura — Licensed NYS real estate agent serving Prince&#x27;s Bay, Staten Island. Median $950K. Hindi, Punjabi, Guyanese Creole spoken.",True
neighborhoods/holliswood/faq/index.html,Holliswood Queens NY FAQ — Real Estate Questions Answered 2026,Holliswood Queens NY FAQ — Real Estate Questions Answered,True,"Answers to the most common questions about Holliswood Queens NY real estate: home prices, taxes, schools, transit, and more.","Answers to the most common questions about Holliswood Queens NY real estate: home prices, taxes, schools, transit, and more.",False
neighborhoods/holliswood/new-construction/index.html,New Construction Homes in Holliswood Queens NY | 2026 Guide,New Construction Homes in Holliswood Queens NY | 2026 Guide,False,"Guide to new construction and gut-renovated homes in Holliswood, Queens NY. What's available, what to expect, and how to find pre-market listings.","Guide to new construction and gut-renovated homes in Holliswood, Queens NY. What&#x27;s available, what to expect, and how to find pre-market listings.",True
neighborhoods/richmond-hill/new-construction/index.html,New Construction Homes in Richmond Hill Queens NY | 2026 Guide,New Construction Homes in Richmond Hill Queens NY | 2026 Guide,False,"Guide to new construction and gut-renovated homes in Richmond Hill, Queens NY. What's available, what to expect, and how to find pre-market listings.","Guide to new construction and gut-renovated homes in Richmond Hill, Queens NY. What&#x27;s available, what to expect, and how to find pre-market listings.",True
neighborhoods/new-hyde-park/new-construction/index.html,New Construction Homes in New Hyde Park Queens NY | 2026 Guide,New Construction Homes in New Hyde Park Queens NY | 2026 Guide,False,"Guide to new construction and gut-renovated homes in New Hyde Park, Queens NY. What's available, what to expect, and how to find pre-market listings.","Guide to new construction and gut-renovated homes in New Hyde Park, Queens NY. What&#x27;s available, what to expect, and how to find pre-market listings.",True
neighborhoods/queens-village/new-construction/index.html,New Construction Homes in Queens Village Queens NY,New Construction Homes in Queens Village Queens NY,False,"Guide to new construction and gut-renovated homes in Queens Village, Queens NY. What's available, what to expect, and how to find pre-market listings.","Guide to new construction and gut-renovated homes in Queens Village, Queens NY. What&#x27;s available, what to expect, and how to find pre-market listings.",True
neighborhoods/hollis/new-construction/index.html,New Construction Homes in Hollis Queens NY | 2026 Guide,New Construction Homes in Hollis Queens NY | 2026 Guide,False,"Guide to new construction and gut-renovated homes in Hollis, Queens NY. What's available, what to expect, and how to find pre-market listings.","Guide to new construction and gut-renovated homes in Hollis, Queens NY. What&#x27;s available, what to expect, and how to find pre-market listings.",True
neighborhoods/hollis/vs-holliswood/index.html,Hollis vs Holliswood Queens NY — Neighborhood Comparison 2026,Hollis vs Holliswood Queens NY — Neighborhood Comparison,True,"Side-by-side comparison of Hollis and Holliswood. Home prices, property taxes, commute times, schools, and which neighborhood fits your needs.","Side-by-side comparison of Hollis and Holliswood. Home prices, property taxes, commute times, schools, and which neighborhood fits your needs.",False
neighborhoods/ozone-park/faq/index.html,Ozone Park Queens NY FAQ — Real Estate Questions Answered 2026,Ozone Park Queens NY FAQ — Real Estate Questions Answered,True,"Answers to the most common questions about Ozone Park Queens NY real estate: home prices, taxes, schools, transit, and more.","Answers to the most common questions about Ozone Park Queens NY real estate: home prices, taxes, schools, transit, and more.",False
neighborhoods/ozone-park/new-construction/index.html,New Construction Homes in Ozone Park Queens NY | 2026 Guide,New Construction Homes in Ozone Park Queens NY | 2026 Guide,False,"Guide to new construction and gut-renovated homes in Ozone Park, Queens NY. What's available, what to expect, and how to find pre-market listings.","Guide to new construction and gut-renovated homes in Ozone Park, Queens NY. What&#x27;s available, what to expect, and how to find pre-market listings.",True
neighborhoods/briarwood/faq/index.html,Briarwood Queens NY FAQ — Real Estate Questions Answered 2026,Briarwood Queens NY FAQ — Real Estate Questions Answered,True,"Answers to the most common questions about Briarwood Queens NY real estate: home prices, taxes, schools, transit, and more.","Answers to the most common questions about Briarwood Queens NY real estate: home prices, taxes, schools, transit, and more.",False
neighborhoods/briarwood/new-construction/index.html,New Construction Homes in Briarwood Queens NY | 2026 Guide,New Construction Homes in Briarwood Queens NY | 2026 Guide,False,"Guide to new construction and gut-renovated homes in Briarwood, Queens NY. What's available, what to expect, and how to find pre-market listings.","Guide to new construction and gut-renovated homes in Briarwood, Queens NY. What&#x27;s available, what to expect, and how to find pre-market listings.",True
neighborhoods/briarwood/moving-guide/index.html,Moving to Briarwood Queens NY | Complete Relocation Guide 2026,Moving to Briarwood Queens NY | Complete Relocation Guide,True,"Complete relocation guide for Briarwood, Queens NY. Cost of living, schools, transit, utilities, and everything newcomers need to know.","Complete relocation guide for Briarwood, Queens NY. Cost of living, schools, transit, utilities, and everything newcomers need to know.",False
neighborhoods/jamaica/new-construction/index.html,New Construction Homes in Jamaica Queens NY | 2026 Guide,New Construction Homes in Jamaica Queens NY | 2026 Guide,False,"Guide to new construction and gut-renovated homes in Jamaica, Queens NY. What's available, what to expect, and how to find pre-market listings.","Guide to new construction and gut-renovated homes in Jamaica, Queens NY. What&#x27;s available, what to expect, and how to find pre-market listings.",True
neighborhoods/jamaica-estates/new-construction/index.html,New Construction Homes in Jamaica Estates Queens NY,New Construction Homes in Jamaica Estates Queens NY,False,"Guide to new construction and gut-renovated homes in Jamaica Estates, Queens NY. What's available, what to expect, and how to find pre-market listings.","Guide to new construction and gut-renovated homes in Jamaica Estates, Queens NY. What&#x27;s available, what to expect, and how to find pre-market listings.",True
neighborhoods/jamaica-estates/commute-transit/index.html,Commuting from Jamaica Estates Queens NY | Transit Guide 2026,Commuting from Jamaica Estates Queens NY | Transit Guide,True,"Complete transit guide for Jamaica Estates, Queens NY. Subway, bus, and commute times to Manhattan. 45 min to Midtown.","Complete transit guide for Jamaica Estates, Queens NY. Subway, bus, and commute times to Manhattan. 45 min to Midtown.",False
neighborhoods/valley-stream/new-construction/index.html,New Construction Homes in Valley Stream Queens NY | 2026 Guide,New Construction Homes in Valley Stream Queens NY | 2026 Guide,False,"Guide to new construction and gut-renovated homes in Valley Stream, Queens NY. What's available, what to expect, and how to find pre-market listings.","Guide to new construction and gut-renovated homes in Valley Stream, Queens NY. What&#x27;s available, what to expect, and how to find pre-market listings.",True
neighborhoods/south-jamaica/new-construction/index.html,New Construction Homes in South Jamaica Queens NY | 2026 Guide,New Construction Homes in South Jamaica Queens NY | 2026 Guide,False,"Guide to new construction and gut-renovated homes in South Jamaica, Queens NY. What's available, what to expect, and how to find pre-market listings.","Guide to new construction and gut-renovated homes in South Jamaica, Queens NY. What&#x27;s available, what to expect, and how to find pre-market listings.",True
neighborhoods/south-ozone-park/new-construction/index.html,New Construction Homes in South Ozone Park Queens NY,New Construction Homes in South Ozone Park Queens NY,False,"Guide to new construction and gut-renovated homes in South Ozone Park, Queens NY. What's available, what to expect, and how to find pre-market listings.","Guide to new construction and gut-renovated homes in South Ozone Park, Queens NY. What&#x27;s available, what to expect, and how to find pre-market listings.",True
neighborhoods/south-ozone-park/commute-transit/index.html,Commuting from South Ozone Park Queens NY | Transit Guide 2026,Commuting from South Ozone Park Queens NY | Transit Guide,True,"Complete transit guide for South Ozone Park, Queens NY. Subway, bus, and commute times to Manhattan. 45 min to Midtown.","Complete transit guide for South Ozone Park, Queens NY. Subway, bus, and commute times to Manhattan. 45 min to Midtown.",False
neighborhoods/woodhaven/faq/index.html,Woodhaven Queens NY FAQ — Real Estate Questions Answered 2026,Woodhaven Queens NY FAQ — Real Estate Questions Answered,True,"Answers to the most common questions about Woodhaven Queens NY real estate: home prices, taxes, schools, transit, and more.","Answers to the most common questions about Woodhaven Queens NY real estate: home prices, taxes, schools, transit, and more.",False
neighborhoods/woodhaven/new-construction/index.html,New Construction Homes in Woodhaven Queens NY | 2026 Guide,New Construction Homes in Woodhaven Queens NY | 2026 Guide,False,"Guide to new construction and gut-renovated homes in Woodhaven, Queens NY. What's available, what to expect, and how to find pre-market listings.","Guide to new construction and gut-renovated homes in Woodhaven, Queens NY. What&#x27;s available, what to expect, and how to find pre-market listings.",True
neighborhoods/woodhaven/moving-guide/index.html,Moving to Woodhaven Queens NY | Complete Relocation Guide 2026,Moving to Woodhaven Queens NY | Complete Relocation Guide,True,"Complete relocation guide for Woodhaven, Queens NY. Cost of living, schools, transit, utilities, and everything newcomers need to know.","Complete relocation guide for Woodhaven, Queens NY. Cost of living, schools, transit, utilities, and everything newcomers need to know.",False
neighborhoods/kew-gardens/new-construction/index.html,New Construction Homes in Kew Gardens Queens NY | 2026 Guide,New Construction Homes in Kew Gardens Queens NY | 2026 Guide,False,"Guide to new construction and gut-renovated homes in Kew Gardens, Queens NY. What's available, what to expect, and how to find pre-market listings.","Guide to new construction and gut-renovated homes in Kew Gardens, Queens NY. What&#x27;s available, what to expect, and how to find pre-market listings.",True
neighborhoods/howard-beach/new-construction/index.html,New Construction Homes in Howard Beach Queens NY | 2026 Guide,New Construction Homes in Howard Beach Queens NY | 2026 Guide,False,"Guide to new construction and gut-renovated homes in Howard Beach, Queens NY. What's available, what to expect, and how to find pre-market listings.","Guide to new construction and gut-renovated homes in Howard Beach, Queens NY. What&#x27;s available, what to expect, and how to find pre-market listings.",True
neighborhoods/bellerose/faq/index.html,Bellerose Queens NY FAQ — Real Estate Questions Answered 2026,Bellerose Queens NY FAQ — Real Estate Questions Answered,True,"Answers to the most common questions about Bellerose Queens NY real estate: home prices, taxes, schools, transit, and more.","Answers to the most common questions about Bellerose Queens NY real estate: home prices, taxes, schools, transit, and more.",False
neighborhoods/bellerose/new-construction/index.html,New Construction Homes in Bellerose Queens NY | 2026 Guide,New Construction Homes in Bellerose Queens NY | 2026 Guide,False,"Guide to new construction and gut-renovated homes in Bellerose, Queens NY. What's available, what to expect, and how to find pre-market listings.","Guide to new construction and gut-renovated homes in Bellerose, Queens NY. What&#x27;s available, what to expect, and how to find pre-market listings.",True
neighborhoods/bellerose/moving-guide/index.html,Moving to Bellerose Queens NY | Complete Relocation Guide 2026,Moving to Bellerose Queens NY | Complete Relocation Guide,True,"Complete relocation guide for Bellerose, Queens NY. Cost of living, schools, transit, utilities, and everything newcomers need to know.","Complete relocation guide for Bellerose, Queens NY. Cost of living, schools, transit, utilities, and everything newcomers need to know.",False
